decision_id,frame_row,timestamp,market_id,profile_name,style,data_validity,validity_reasons,fair_yes,market_mid_yes,best_bid_yes,best_ask_yes,spread,bid_depth,ask_depth,depth_imbalance,microprice,decision,raw_model_edge,decision_edge_after_fee,decision_price,risk_result,no_trade_reason,order_id
conservative-passive-decision-0001,1,2026-01-01T12:00:00+00:00,sample-binary-execution-1,conservative,passive,valid,[],0.62,0.52,0.5,0.54,0.040000000000000036,18.0,12.0,0.2,0.5285714285714286,BUY_YES,0.09999999999999998,0.119,0.5,approved,,conservative-passive-order-0001
conservative-passive-decision-0002,2,2026-01-01T12:00:01+00:00,sample-binary-execution-1,conservative,passive,valid,[],0.62,0.52,0.5,0.54,0.040000000000000036,10.0,12.0,-0.09090909090909091,0.5133333333333333,BUY_YES,0.09999999999999998,0.119,0.5,existing_order_maintained,,conservative-passive-order-0001
conservative-passive-decision-0003,3,2026-01-01T12:00:02+00:00,sample-binary-execution-1,conservative,passive,valid,[],0.63,0.515,0.5,0.53,0.030000000000000027,10.0,12.0,-0.09090909090909091,0.51,BUY_YES,0.11499999999999999,0.129,0.5,existing_order_maintained,,conservative-passive-order-0001
conservative-passive-decision-0004,4,2026-01-01T12:00:03+00:00,sample-binary-execution-1,conservative,passive,valid,[],0.39,0.39,0.37,0.41,0.03999999999999998,14.0,11.0,0.12,0.39909090909090905,BUY_YES,0.0,0.019260000000000017,0.37,cancel_pending,cancel_pending,conservative-passive-order-0001
conservative-passive-decision-0005,5,2026-01-01T12:00:04+00:00,sample-binary-execution-1,conservative,passive,crossed,['crossed'],0.38,0.575,0.6,0.55,-0.04999999999999993,5.0,5.0,0.0,0.575,NO_TRADE,0.19499999999999995,,,not_evaluated,invalid_market_state:crossed,
conservative-passive-decision-0006,6,2026-01-01T12:00:05+00:00,sample-binary-execution-1,conservative,passive,stale,['stale'],0.37,0.38,0.36,0.4,0.040000000000000036,16.0,8.0,0.3333333333333333,0.39200000000000007,NO_TRADE,0.010000000000000009,,,not_evaluated,invalid_market_state:stale,
conservative-passive-decision-0007,7,2026-01-01T12:00:06+00:00,sample-binary-execution-1,conservative,passive,valid,[],0.36,0.37,0.35,0.39,0.040000000000000036,12.0,11.0,0.043478260869565216,0.36777777777777776,SELL_YES,0.010000000000000009,0.029220000000000027,0.39,approved,,conservative-passive-order-0002
conservative-passive-decision-0008,8,2026-01-01T12:00:07+00:00,sample-binary-execution-1,conservative,passive,valid,[],0.36,0.37,0.35,0.39,0.040000000000000036,11.0,10.0,0.047619047619047616,0.3671428571428571,SELL_YES,0.010000000000000009,0.029220000000000027,0.39,existing_order_maintained,,conservative-passive-order-0002
conservative-passive-decision-0009,9,2026-01-01T12:00:08+00:00,sample-binary-execution-1,conservative,passive,discontinuous,['discontinuous'],0.35,0.36,0.34,0.38,0.03999999999999998,9.0,10.0,-0.05263157894736842,0.34800000000000003,NO_TRADE,0.010000000000000009,,,cancel_pending,invalid_market_state:discontinuous,conservative-passive-order-0002
conservative-passive-decision-0010,10,2026-01-01T12:00:09+00:00,sample-binary-execution-1,conservative,passive,valid,[],0.34,0.35,0.33,0.37,0.03999999999999998,9.0,10.0,-0.05263157894736842,0.33799999999999997,SELL_YES,0.009999999999999953,0.02925999999999997,0.37,approved,,conservative-passive-order-0003
conservative-passive-decision-0011,11,2026-01-01T12:00:10+00:00,sample-binary-execution-1,conservative,passive,valid,[],0.36,0.365,0.35,0.38,0.030000000000000027,14.0,10.0,0.16666666666666666,0.368,SELL_YES,0.0050000000000000044,0.019240000000000018,0.38,cancel_pending,cancel_pending,conservative-passive-order-0003
conservative-passive-decision-0012,12,2026-01-01T12:00:11+00:00,sample-binary-execution-1,conservative,passive,valid,[],0.64,0.565,0.55,0.58,0.029999999999999916,16.0,12.0,0.14285714285714285,0.5714285714285714,BUY_YES,0.07500000000000007,0.08889999999999997,0.55,approved,,conservative-passive-order-0004
conservative-passive-decision-0013,13,2026-01-01T12:00:12+00:00,sample-binary-execution-1,conservative,passive,valid,[],0.65,0.575,0.56,0.59,0.029999999999999916,7.0,13.0,-0.3,0.5650000000000001,BUY_YES,0.07500000000000007,0.08887999999999997,0.56,cancel_pending,cancel_pending,conservative-passive-order-0004
conservative-passive-decision-0014,14,2026-01-01T12:00:13+00:00,sample-binary-execution-1,conservative,passive,valid,[],0.66,0.545,0.54,0.55,0.010000000000000009,7.0,11.0,-0.2222222222222222,0.5425,BUY_YES,0.11499999999999999,0.11892,0.54,approved,,conservative-passive-order-0005
conservative-passive-decision-0015,15,2026-01-01T12:00:14+00:00,sample-binary-execution-1,conservative,passive,valid,[],0.67,0.585,0.57,0.6,0.030000000000000027,14.0,12.0,0.07692307692307693,0.59,BUY_YES,0.08500000000000008,0.09886000000000009,0.57,cancel_pending,cancel_pending,conservative-passive-order-0005
conservative-passive-decision-0016,16,2026-01-01T12:00:15+00:00,sample-binary-execution-1,conservative,passive,valid,[],0.68,0.595,0.58,0.61,0.030000000000000027,8.0,12.0,-0.2,0.59,BUY_YES,0.08500000000000008,0.0988400000000001,0.58,approved,,conservative-passive-order-0006
conservative-passive-decision-0017,17,2026-01-01T12:00:16+00:00,sample-binary-execution-1,conservative,passive,valid,[],0.68,0.61,0.6,0.62,0.020000000000000018,8.0,12.0,-0.2,0.6066666666666666,BUY_YES,0.07000000000000006,0.07880000000000006,0.6,cancel_pending,cancel_pending,conservative-passive-order-0006
conservative-passive-decision-0018,18,2026-01-01T12:00:17+00:00,sample-binary-execution-1,conservative,passive,malformed,['malformed'],0.68,,0.6,,,2.0,0,1.0,,NO_TRADE,,,,not_evaluated,invalid_market_state:malformed,
conservative-passive-decision-0019,19,2026-01-01T12:00:18+00:00,sample-binary-execution-1,conservative,passive,valid,[],0.68,0.61,0.6,0.62,0.020000000000000018,8.0,12.0,-0.2,0.6066666666666666,BUY_YES,0.07000000000000006,0.07880000000000006,0.6,approved,,conservative-passive-order-0007
conservative-aggressive-decision-0001,1,2026-01-01T12:00:00+00:00,sample-binary-execution-1,conservative,aggressive,valid,[],0.62,0.52,0.5,0.54,0.040000000000000036,18.0,12.0,0.2,0.5285714285714286,BUY_YES,0.09999999999999998,0.07891999999999996,0.54,approved,,conservative-aggressive-order-0001
conservative-aggressive-decision-0002,2,2026-01-01T12:00:01+00:00,sample-binary-execution-1,conservative,aggressive,valid,[],0.62,0.52,0.5,0.54,0.040000000000000036,10.0,12.0,-0.09090909090909091,0.5133333333333333,BUY_YES,0.09999999999999998,0.07891999999999996,0.54,existing_order_maintained,,conservative-aggressive-order-0001
conservative-aggressive-decision-0003,3,2026-01-01T12:00:02+00:00,sample-binary-execution-1,conservative,aggressive,valid,[],0.63,0.515,0.5,0.53,0.030000000000000027,10.0,12.0,-0.09090909090909091,0.51,BUY_YES,0.11499999999999999,0.09893999999999997,0.53,approved,,conservative-aggressive-order-0002
conservative-aggressive-decision-0004,4,2026-01-01T12:00:03+00:00,sample-binary-execution-1,conservative,aggressive,valid,[],0.39,0.39,0.37,0.41,0.03999999999999998,14.0,11.0,0.12,0.39909090909090905,NO_TRADE,0.0,-0.020819999999999964,0.41,cancel_pending,edge_below_threshold,conservative-aggressive-order-0002
conservative-aggressive-decision-0005,5,2026-01-01T12:00:04+00:00,sample-binary-execution-1,conservative,aggressive,crossed,['crossed'],0.38,0.575,0.6,0.55,-0.04999999999999993,5.0,5.0,0.0,0.575,NO_TRADE,0.19499999999999995,,,not_evaluated,invalid_market_state:crossed,
conservative-aggressive-decision-0006,6,2026-01-01T12:00:05+00:00,sample-binary-execution-1,conservative,aggressive,stale,['stale'],0.37,0.38,0.36,0.4,0.040000000000000036,16.0,8.0,0.3333333333333333,0.39200000000000007,NO_TRADE,0.010000000000000009,,,not_evaluated,invalid_market_state:stale,
conservative-aggressive-decision-0007,7,2026-01-01T12:00:06+00:00,sample-binary-execution-1,conservative,aggressive,valid,[],0.36,0.37,0.35,0.39,0.040000000000000036,12.0,11.0,0.043478260869565216,0.36777777777777776,NO_TRADE,0.010000000000000009,-0.010700000000000008,0.35,not_evaluated,edge_below_threshold,
conservative-aggressive-decision-0008,8,2026-01-01T12:00:07+00:00,sample-binary-execution-1,conservative,aggressive,valid,[],0.36,0.37,0.35,0.39,0.040000000000000036,11.0,10.0,0.047619047619047616,0.3671428571428571,NO_TRADE,0.010000000000000009,-0.010700000000000008,0.35,not_evaluated,edge_below_threshold,
conservative-aggressive-decision-0009,9,2026-01-01T12:00:08+00:00,sample-binary-execution-1,conservative,aggressive,discontinuous,['discontinuous'],0.35,0.36,0.34,0.38,0.03999999999999998,9.0,10.0,-0.05263157894736842,0.34800000000000003,NO_TRADE,0.010000000000000009,,,not_evaluated,invalid_market_state:discontinuous,
conservative-aggressive-decision-0010,10,2026-01-01T12:00:09+00:00,sample-binary-execution-1,conservative,aggressive,valid,[],0.34,0.35,0.33,0.37,0.03999999999999998,9.0,10.0,-0.05263157894736842,0.33799999999999997,NO_TRADE,0.009999999999999953,-0.01066000000000001,0.33,not_evaluated,edge_below_threshold,
conservative-aggressive-decision-0011,11,2026-01-01T12:00:10+00:00,sample-binary-execution-1,conservative,aggressive,valid,[],0.36,0.365,0.35,0.38,0.030000000000000027,14.0,10.0,0.16666666666666666,0.368,NO_TRADE,0.0050000000000000044,-0.010700000000000008,0.35,not_evaluated,edge_below_threshold,
conservative-aggressive-decision-0012,12,2026-01-01T12:00:11+00:00,sample-binary-execution-1,conservative,aggressive,valid,[],0.64,0.565,0.55,0.58,0.029999999999999916,16.0,12.0,0.14285714285714285,0.5714285714285714,BUY_YES,0.07500000000000007,0.05884000000000005,0.58,max_position,,
conservative-aggressive-decision-0013,13,2026-01-01T12:00:12+00:00,sample-binary-execution-1,conservative,aggressive,valid,[],0.65,0.575,0.56,0.59,0.029999999999999916,7.0,13.0,-0.3,0.5650000000000001,BUY_YES,0.07500000000000007,0.05882000000000005,0.59,max_position,,
conservative-aggressive-decision-0014,14,2026-01-01T12:00:13+00:00,sample-binary-execution-1,conservative,aggressive,valid,[],0.66,0.545,0.54,0.55,0.010000000000000009,7.0,11.0,-0.2222222222222222,0.5425,BUY_YES,0.11499999999999999,0.10889999999999998,0.55,max_position,,
conservative-aggressive-decision-0015,15,2026-01-01T12:00:14+00:00,sample-binary-execution-1,conservative,aggressive,valid,[],0.67,0.585,0.57,0.6,0.030000000000000027,14.0,12.0,0.07692307692307693,0.59,BUY_YES,0.08500000000000008,0.06880000000000006,0.6,max_position,,
conservative-aggressive-decision-0016,16,2026-01-01T12:00:15+00:00,sample-binary-execution-1,conservative,aggressive,valid,[],0.68,0.595,0.58,0.61,0.030000000000000027,8.0,12.0,-0.2,0.59,BUY_YES,0.08500000000000008,0.06878000000000006,0.61,max_position,,
conservative-aggressive-decision-0017,17,2026-01-01T12:00:16+00:00,sample-binary-execution-1,conservative,aggressive,valid,[],0.68,0.61,0.6,0.62,0.020000000000000018,8.0,12.0,-0.2,0.6066666666666666,BUY_YES,0.07000000000000006,0.058760000000000055,0.62,max_position,,
conservative-aggressive-decision-0018,18,2026-01-01T12:00:17+00:00,sample-binary-execution-1,conservative,aggressive,malformed,['malformed'],0.68,,0.6,,,2.0,0,1.0,,NO_TRADE,,,,not_evaluated,invalid_market_state:malformed,
conservative-aggressive-decision-0019,19,2026-01-01T12:00:18+00:00,sample-binary-execution-1,conservative,aggressive,valid,[],0.68,0.61,0.6,0.62,0.020000000000000018,8.0,12.0,-0.2,0.6066666666666666,BUY_YES,0.07000000000000006,0.058760000000000055,0.62,max_position,,
base-passive-decision-0001,1,2026-01-01T12:00:00+00:00,sample-binary-execution-1,base,passive,valid,[],0.62,0.52,0.5,0.54,0.040000000000000036,18.0,12.0,0.2,0.5285714285714286,BUY_YES,0.09999999999999998,0.119,0.5,approved,,base-passive-order-0001
base-passive-decision-0002,2,2026-01-01T12:00:01+00:00,sample-binary-execution-1,base,passive,valid,[],0.62,0.52,0.5,0.54,0.040000000000000036,10.0,12.0,-0.09090909090909091,0.5133333333333333,BUY_YES,0.09999999999999998,0.119,0.5,existing_order_maintained,,base-passive-order-0001
base-passive-decision-0003,3,2026-01-01T12:00:02+00:00,sample-binary-execution-1,base,passive,valid,[],0.63,0.515,0.5,0.53,0.030000000000000027,10.0,12.0,-0.09090909090909091,0.51,BUY_YES,0.11499999999999999,0.129,0.5,existing_order_maintained,,base-passive-order-0001
base-passive-decision-0004,4,2026-01-01T12:00:03+00:00,sample-binary-execution-1,base,passive,valid,[],0.39,0.39,0.37,0.41,0.03999999999999998,14.0,11.0,0.12,0.39909090909090905,BUY_YES,0.0,0.019260000000000017,0.37,cancel_pending,cancel_pending,base-passive-order-0001
base-passive-decision-0005,5,2026-01-01T12:00:04+00:00,sample-binary-execution-1,base,passive,crossed,['crossed'],0.38,0.575,0.6,0.55,-0.04999999999999993,5.0,5.0,0.0,0.575,NO_TRADE,0.19499999999999995,,,not_evaluated,invalid_market_state:crossed,
base-passive-decision-0006,6,2026-01-01T12:00:05+00:00,sample-binary-execution-1,base,passive,stale,['stale'],0.37,0.38,0.36,0.4,0.040000000000000036,16.0,8.0,0.3333333333333333,0.39200000000000007,NO_TRADE,0.010000000000000009,,,not_evaluated,invalid_market_state:stale,
base-passive-decision-0007,7,2026-01-01T12:00:06+00:00,sample-binary-execution-1,base,passive,valid,[],0.36,0.37,0.35,0.39,0.040000000000000036,12.0,11.0,0.043478260869565216,0.36777777777777776,SELL_YES,0.010000000000000009,0.029220000000000027,0.39,approved,,base-passive-order-0002
base-passive-decision-0008,8,2026-01-01T12:00:07+00:00,sample-binary-execution-1,base,passive,valid,[],0.36,0.37,0.35,0.39,0.040000000000000036,11.0,10.0,0.047619047619047616,0.3671428571428571,SELL_YES,0.010000000000000009,0.029220000000000027,0.39,existing_order_maintained,,base-passive-order-0002
base-passive-decision-0009,9,2026-01-01T12:00:08+00:00,sample-binary-execution-1,base,passive,discontinuous,['discontinuous'],0.35,0.36,0.34,0.38,0.03999999999999998,9.0,10.0,-0.05263157894736842,0.34800000000000003,NO_TRADE,0.010000000000000009,,,cancel_pending,invalid_market_state:discontinuous,base-passive-order-0002
base-passive-decision-0010,10,2026-01-01T12:00:09+00:00,sample-binary-execution-1,base,passive,valid,[],0.34,0.35,0.33,0.37,0.03999999999999998,9.0,10.0,-0.05263157894736842,0.33799999999999997,SELL_YES,0.009999999999999953,0.02925999999999997,0.37,approved,,base-passive-order-0003
base-passive-decision-0011,11,2026-01-01T12:00:10+00:00,sample-binary-execution-1,base,passive,valid,[],0.36,0.365,0.35,0.38,0.030000000000000027,14.0,10.0,0.16666666666666666,0.368,SELL_YES,0.0050000000000000044,0.019240000000000018,0.38,cancel_pending,cancel_pending,base-passive-order-0003
base-passive-decision-0012,12,2026-01-01T12:00:11+00:00,sample-binary-execution-1,base,passive,valid,[],0.64,0.565,0.55,0.58,0.029999999999999916,16.0,12.0,0.14285714285714285,0.5714285714285714,BUY_YES,0.07500000000000007,0.08889999999999997,0.55,approved,,base-passive-order-0004
base-passive-decision-0013,13,2026-01-01T12:00:12+00:00,sample-binary-execution-1,base,passive,valid,[],0.65,0.575,0.56,0.59,0.029999999999999916,7.0,13.0,-0.3,0.5650000000000001,BUY_YES,0.07500000000000007,0.08887999999999997,0.56,cancel_pending,cancel_pending,base-passive-order-0004
base-passive-decision-0014,14,2026-01-01T12:00:13+00:00,sample-binary-execution-1,base,passive,valid,[],0.66,0.545,0.54,0.55,0.010000000000000009,7.0,11.0,-0.2222222222222222,0.5425,BUY_YES,0.11499999999999999,0.11892,0.54,approved,,base-passive-order-0005
base-passive-decision-0015,15,2026-01-01T12:00:14+00:00,sample-binary-execution-1,base,passive,valid,[],0.67,0.585,0.57,0.6,0.030000000000000027,14.0,12.0,0.07692307692307693,0.59,BUY_YES,0.08500000000000008,0.09886000000000009,0.57,cancel_pending,cancel_pending,base-passive-order-0005
base-passive-decision-0016,16,2026-01-01T12:00:15+00:00,sample-binary-execution-1,base,passive,valid,[],0.68,0.595,0.58,0.61,0.030000000000000027,8.0,12.0,-0.2,0.59,BUY_YES,0.08500000000000008,0.0988400000000001,0.58,approved,,base-passive-order-0006
base-passive-decision-0017,17,2026-01-01T12:00:16+00:00,sample-binary-execution-1,base,passive,valid,[],0.68,0.61,0.6,0.62,0.020000000000000018,8.0,12.0,-0.2,0.6066666666666666,BUY_YES,0.07000000000000006,0.07880000000000006,0.6,cancel_pending,cancel_pending,base-passive-order-0006
base-passive-decision-0018,18,2026-01-01T12:00:17+00:00,sample-binary-execution-1,base,passive,malformed,['malformed'],0.68,,0.6,,,2.0,0,1.0,,NO_TRADE,,,,not_evaluated,invalid_market_state:malformed,
base-passive-decision-0019,19,2026-01-01T12:00:18+00:00,sample-binary-execution-1,base,passive,valid,[],0.68,0.61,0.6,0.62,0.020000000000000018,8.0,12.0,-0.2,0.6066666666666666,BUY_YES,0.07000000000000006,0.07880000000000006,0.6,approved,,base-passive-order-0007
base-aggressive-decision-0001,1,2026-01-01T12:00:00+00:00,sample-binary-execution-1,base,aggressive,valid,[],0.62,0.52,0.5,0.54,0.040000000000000036,18.0,12.0,0.2,0.5285714285714286,BUY_YES,0.09999999999999998,0.07891999999999996,0.54,approved,,base-aggressive-order-0001
base-aggressive-decision-0002,2,2026-01-01T12:00:01+00:00,sample-binary-execution-1,base,aggressive,valid,[],0.62,0.52,0.5,0.54,0.040000000000000036,10.0,12.0,-0.09090909090909091,0.5133333333333333,BUY_YES,0.09999999999999998,0.07891999999999996,0.54,existing_order_maintained,,base-aggressive-order-0001
base-aggressive-decision-0003,3,2026-01-01T12:00:02+00:00,sample-binary-execution-1,base,aggressive,valid,[],0.63,0.515,0.5,0.53,0.030000000000000027,10.0,12.0,-0.09090909090909091,0.51,BUY_YES,0.11499999999999999,0.09893999999999997,0.53,approved,,base-aggressive-order-0002
base-aggressive-decision-0004,4,2026-01-01T12:00:03+00:00,sample-binary-execution-1,base,aggressive,valid,[],0.39,0.39,0.37,0.41,0.03999999999999998,14.0,11.0,0.12,0.39909090909090905,NO_TRADE,0.0,-0.020819999999999964,0.41,cancel_pending,edge_below_threshold,base-aggressive-order-0002
base-aggressive-decision-0005,5,2026-01-01T12:00:04+00:00,sample-binary-execution-1,base,aggressive,crossed,['crossed'],0.38,0.575,0.6,0.55,-0.04999999999999993,5.0,5.0,0.0,0.575,NO_TRADE,0.19499999999999995,,,not_evaluated,invalid_market_state:crossed,
base-aggressive-decision-0006,6,2026-01-01T12:00:05+00:00,sample-binary-execution-1,base,aggressive,stale,['stale'],0.37,0.38,0.36,0.4,0.040000000000000036,16.0,8.0,0.3333333333333333,0.39200000000000007,NO_TRADE,0.010000000000000009,,,not_evaluated,invalid_market_state:stale,
base-aggressive-decision-0007,7,2026-01-01T12:00:06+00:00,sample-binary-execution-1,base,aggressive,valid,[],0.36,0.37,0.35,0.39,0.040000000000000036,12.0,11.0,0.043478260869565216,0.36777777777777776,NO_TRADE,0.010000000000000009,-0.010700000000000008,0.35,not_evaluated,edge_below_threshold,
base-aggressive-decision-0008,8,2026-01-01T12:00:07+00:00,sample-binary-execution-1,base,aggressive,valid,[],0.36,0.37,0.35,0.39,0.040000000000000036,11.0,10.0,0.047619047619047616,0.3671428571428571,NO_TRADE,0.010000000000000009,-0.010700000000000008,0.35,not_evaluated,edge_below_threshold,
base-aggressive-decision-0009,9,2026-01-01T12:00:08+00:00,sample-binary-execution-1,base,aggressive,discontinuous,['discontinuous'],0.35,0.36,0.34,0.38,0.03999999999999998,9.0,10.0,-0.05263157894736842,0.34800000000000003,NO_TRADE,0.010000000000000009,,,not_evaluated,invalid_market_state:discontinuous,
base-aggressive-decision-0010,10,2026-01-01T12:00:09+00:00,sample-binary-execution-1,base,aggressive,valid,[],0.34,0.35,0.33,0.37,0.03999999999999998,9.0,10.0,-0.05263157894736842,0.33799999999999997,NO_TRADE,0.009999999999999953,-0.01066000000000001,0.33,not_evaluated,edge_below_threshold,
base-aggressive-decision-0011,11,2026-01-01T12:00:10+00:00,sample-binary-execution-1,base,aggressive,valid,[],0.36,0.365,0.35,0.38,0.030000000000000027,14.0,10.0,0.16666666666666666,0.368,NO_TRADE,0.0050000000000000044,-0.010700000000000008,0.35,not_evaluated,edge_below_threshold,
base-aggressive-decision-0012,12,2026-01-01T12:00:11+00:00,sample-binary-execution-1,base,aggressive,valid,[],0.64,0.565,0.55,0.58,0.029999999999999916,16.0,12.0,0.14285714285714285,0.5714285714285714,BUY_YES,0.07500000000000007,0.05884000000000005,0.58,max_position,,
base-aggressive-decision-0013,13,2026-01-01T12:00:12+00:00,sample-binary-execution-1,base,aggressive,valid,[],0.65,0.575,0.56,0.59,0.029999999999999916,7.0,13.0,-0.3,0.5650000000000001,BUY_YES,0.07500000000000007,0.05882000000000005,0.59,max_position,,
base-aggressive-decision-0014,14,2026-01-01T12:00:13+00:00,sample-binary-execution-1,base,aggressive,valid,[],0.66,0.545,0.54,0.55,0.010000000000000009,7.0,11.0,-0.2222222222222222,0.5425,BUY_YES,0.11499999999999999,0.10889999999999998,0.55,max_position,,
base-aggressive-decision-0015,15,2026-01-01T12:00:14+00:00,sample-binary-execution-1,base,aggressive,valid,[],0.67,0.585,0.57,0.6,0.030000000000000027,14.0,12.0,0.07692307692307693,0.59,BUY_YES,0.08500000000000008,0.06880000000000006,0.6,max_position,,
base-aggressive-decision-0016,16,2026-01-01T12:00:15+00:00,sample-binary-execution-1,base,aggressive,valid,[],0.68,0.595,0.58,0.61,0.030000000000000027,8.0,12.0,-0.2,0.59,BUY_YES,0.08500000000000008,0.06878000000000006,0.61,max_position,,
base-aggressive-decision-0017,17,2026-01-01T12:00:16+00:00,sample-binary-execution-1,base,aggressive,valid,[],0.68,0.61,0.6,0.62,0.020000000000000018,8.0,12.0,-0.2,0.6066666666666666,BUY_YES,0.07000000000000006,0.058760000000000055,0.62,max_position,,
base-aggressive-decision-0018,18,2026-01-01T12:00:17+00:00,sample-binary-execution-1,base,aggressive,malformed,['malformed'],0.68,,0.6,,,2.0,0,1.0,,NO_TRADE,,,,not_evaluated,invalid_market_state:malformed,
base-aggressive-decision-0019,19,2026-01-01T12:00:18+00:00,sample-binary-execution-1,base,aggressive,valid,[],0.68,0.61,0.6,0.62,0.020000000000000018,8.0,12.0,-0.2,0.6066666666666666,BUY_YES,0.07000000000000006,0.058760000000000055,0.62,max_position,,
aggressive-passive-decision-0001,1,2026-01-01T12:00:00+00:00,sample-binary-execution-1,aggressive,passive,valid,[],0.62,0.52,0.5,0.54,0.040000000000000036,18.0,12.0,0.2,0.5285714285714286,BUY_YES,0.09999999999999998,0.119,0.5,approved,,aggressive-passive-order-0001
aggressive-passive-decision-0002,2,2026-01-01T12:00:01+00:00,sample-binary-execution-1,aggressive,passive,valid,[],0.62,0.52,0.5,0.54,0.040000000000000036,10.0,12.0,-0.09090909090909091,0.5133333333333333,BUY_YES,0.09999999999999998,0.119,0.5,existing_order_maintained,,aggressive-passive-order-0001
aggressive-passive-decision-0003,3,2026-01-01T12:00:02+00:00,sample-binary-execution-1,aggressive,passive,valid,[],0.63,0.515,0.5,0.53,0.030000000000000027,10.0,12.0,-0.09090909090909091,0.51,BUY_YES,0.11499999999999999,0.129,0.5,existing_order_maintained,,aggressive-passive-order-0001
aggressive-passive-decision-0004,4,2026-01-01T12:00:03+00:00,sample-binary-execution-1,aggressive,passive,valid,[],0.39,0.39,0.37,0.41,0.03999999999999998,14.0,11.0,0.12,0.39909090909090905,BUY_YES,0.0,0.019260000000000017,0.37,cancel_pending,cancel_pending,aggressive-passive-order-0001
aggressive-passive-decision-0005,5,2026-01-01T12:00:04+00:00,sample-binary-execution-1,aggressive,passive,crossed,['crossed'],0.38,0.575,0.6,0.55,-0.04999999999999993,5.0,5.0,0.0,0.575,NO_TRADE,0.19499999999999995,,,not_evaluated,invalid_market_state:crossed,
aggressive-passive-decision-0006,6,2026-01-01T12:00:05+00:00,sample-binary-execution-1,aggressive,passive,stale,['stale'],0.37,0.38,0.36,0.4,0.040000000000000036,16.0,8.0,0.3333333333333333,0.39200000000000007,NO_TRADE,0.010000000000000009,,,not_evaluated,invalid_market_state:stale,
aggressive-passive-decision-0007,7,2026-01-01T12:00:06+00:00,sample-binary-execution-1,aggressive,passive,valid,[],0.36,0.37,0.35,0.39,0.040000000000000036,12.0,11.0,0.043478260869565216,0.36777777777777776,SELL_YES,0.010000000000000009,0.029220000000000027,0.39,approved,,aggressive-passive-order-0002
aggressive-passive-decision-0008,8,2026-01-01T12:00:07+00:00,sample-binary-execution-1,aggressive,passive,valid,[],0.36,0.37,0.35,0.39,0.040000000000000036,11.0,10.0,0.047619047619047616,0.3671428571428571,SELL_YES,0.010000000000000009,0.029220000000000027,0.39,existing_order_maintained,,aggressive-passive-order-0002
aggressive-passive-decision-0009,9,2026-01-01T12:00:08+00:00,sample-binary-execution-1,aggressive,passive,discontinuous,['discontinuous'],0.35,0.36,0.34,0.38,0.03999999999999998,9.0,10.0,-0.05263157894736842,0.34800000000000003,NO_TRADE,0.010000000000000009,,,cancel_pending,invalid_market_state:discontinuous,aggressive-passive-order-0002
aggressive-passive-decision-0010,10,2026-01-01T12:00:09+00:00,sample-binary-execution-1,aggressive,passive,valid,[],0.34,0.35,0.33,0.37,0.03999999999999998,9.0,10.0,-0.05263157894736842,0.33799999999999997,SELL_YES,0.009999999999999953,0.02925999999999997,0.37,approved,,aggressive-passive-order-0003
aggressive-passive-decision-0011,11,2026-01-01T12:00:10+00:00,sample-binary-execution-1,aggressive,passive,valid,[],0.36,0.365,0.35,0.38,0.030000000000000027,14.0,10.0,0.16666666666666666,0.368,SELL_YES,0.0050000000000000044,0.019240000000000018,0.38,cancel_pending,cancel_pending,aggressive-passive-order-0003
aggressive-passive-decision-0012,12,2026-01-01T12:00:11+00:00,sample-binary-execution-1,aggressive,passive,valid,[],0.64,0.565,0.55,0.58,0.029999999999999916,16.0,12.0,0.14285714285714285,0.5714285714285714,BUY_YES,0.07500000000000007,0.08889999999999997,0.55,approved,,aggressive-passive-order-0004
aggressive-passive-decision-0013,13,2026-01-01T12:00:12+00:00,sample-binary-execution-1,aggressive,passive,valid,[],0.65,0.575,0.56,0.59,0.029999999999999916,7.0,13.0,-0.3,0.5650000000000001,BUY_YES,0.07500000000000007,0.08887999999999997,0.56,cancel_pending,cancel_pending,aggressive-passive-order-0004
aggressive-passive-decision-0014,14,2026-01-01T12:00:13+00:00,sample-binary-execution-1,aggressive,passive,valid,[],0.66,0.545,0.54,0.55,0.010000000000000009,7.0,11.0,-0.2222222222222222,0.5425,BUY_YES,0.11499999999999999,0.11892,0.54,approved,,aggressive-passive-order-0005
aggressive-passive-decision-0015,15,2026-01-01T12:00:14+00:00,sample-binary-execution-1,aggressive,passive,valid,[],0.67,0.585,0.57,0.6,0.030000000000000027,14.0,12.0,0.07692307692307693,0.59,BUY_YES,0.08500000000000008,0.09886000000000009,0.57,cancel_pending,cancel_pending,aggressive-passive-order-0005
aggressive-passive-decision-0016,16,2026-01-01T12:00:15+00:00,sample-binary-execution-1,aggressive,passive,valid,[],0.68,0.595,0.58,0.61,0.030000000000000027,8.0,12.0,-0.2,0.59,BUY_YES,0.08500000000000008,0.0988400000000001,0.58,approved,,aggressive-passive-order-0006
aggressive-passive-decision-0017,17,2026-01-01T12:00:16+00:00,sample-binary-execution-1,aggressive,passive,valid,[],0.68,0.61,0.6,0.62,0.020000000000000018,8.0,12.0,-0.2,0.6066666666666666,BUY_YES,0.07000000000000006,0.07880000000000006,0.6,cancel_pending,cancel_pending,aggressive-passive-order-0006
aggressive-passive-decision-0018,18,2026-01-01T12:00:17+00:00,sample-binary-execution-1,aggressive,passive,malformed,['malformed'],0.68,,0.6,,,2.0,0,1.0,,NO_TRADE,,,,not_evaluated,invalid_market_state:malformed,
aggressive-passive-decision-0019,19,2026-01-01T12:00:18+00:00,sample-binary-execution-1,aggressive,passive,valid,[],0.68,0.61,0.6,0.62,0.020000000000000018,8.0,12.0,-0.2,0.6066666666666666,BUY_YES,0.07000000000000006,0.07880000000000006,0.6,approved,,aggressive-passive-order-0007
aggressive-aggressive-decision-0001,1,2026-01-01T12:00:00+00:00,sample-binary-execution-1,aggressive,aggressive,valid,[],0.62,0.52,0.5,0.54,0.040000000000000036,18.0,12.0,0.2,0.5285714285714286,BUY_YES,0.09999999999999998,0.07891999999999996,0.54,approved,,aggressive-aggressive-order-0001
aggressive-aggressive-decision-0002,2,2026-01-01T12:00:01+00:00,sample-binary-execution-1,aggressive,aggressive,valid,[],0.62,0.52,0.5,0.54,0.040000000000000036,10.0,12.0,-0.09090909090909091,0.5133333333333333,BUY_YES,0.09999999999999998,0.07891999999999996,0.54,existing_order_maintained,,aggressive-aggressive-order-0001
aggressive-aggressive-decision-0003,3,2026-01-01T12:00:02+00:00,sample-binary-execution-1,aggressive,aggressive,valid,[],0.63,0.515,0.5,0.53,0.030000000000000027,10.0,12.0,-0.09090909090909091,0.51,BUY_YES,0.11499999999999999,0.09893999999999997,0.53,approved,,aggressive-aggressive-order-0002
aggressive-aggressive-decision-0004,4,2026-01-01T12:00:03+00:00,sample-binary-execution-1,aggressive,aggressive,valid,[],0.39,0.39,0.37,0.41,0.03999999999999998,14.0,11.0,0.12,0.39909090909090905,NO_TRADE,0.0,-0.020819999999999964,0.41,cancel_pending,edge_below_threshold,aggressive-aggressive-order-0002
aggressive-aggressive-decision-0005,5,2026-01-01T12:00:04+00:00,sample-binary-execution-1,aggressive,aggressive,crossed,['crossed'],0.38,0.575,0.6,0.55,-0.04999999999999993,5.0,5.0,0.0,0.575,NO_TRADE,0.19499999999999995,,,not_evaluated,invalid_market_state:crossed,
aggressive-aggressive-decision-0006,6,2026-01-01T12:00:05+00:00,sample-binary-execution-1,aggressive,aggressive,stale,['stale'],0.37,0.38,0.36,0.4,0.040000000000000036,16.0,8.0,0.3333333333333333,0.39200000000000007,NO_TRADE,0.010000000000000009,,,not_evaluated,invalid_market_state:stale,
aggressive-aggressive-decision-0007,7,2026-01-01T12:00:06+00:00,sample-binary-execution-1,aggressive,aggressive,valid,[],0.36,0.37,0.35,0.39,0.040000000000000036,12.0,11.0,0.043478260869565216,0.36777777777777776,NO_TRADE,0.010000000000000009,-0.010700000000000008,0.35,not_evaluated,edge_below_threshold,
aggressive-aggressive-decision-0008,8,2026-01-01T12:00:07+00:00,sample-binary-execution-1,aggressive,aggressive,valid,[],0.36,0.37,0.35,0.39,0.040000000000000036,11.0,10.0,0.047619047619047616,0.3671428571428571,NO_TRADE,0.010000000000000009,-0.010700000000000008,0.35,not_evaluated,edge_below_threshold,
aggressive-aggressive-decision-0009,9,2026-01-01T12:00:08+00:00,sample-binary-execution-1,aggressive,aggressive,discontinuous,['discontinuous'],0.35,0.36,0.34,0.38,0.03999999999999998,9.0,10.0,-0.05263157894736842,0.34800000000000003,NO_TRADE,0.010000000000000009,,,not_evaluated,invalid_market_state:discontinuous,
aggressive-aggressive-decision-0010,10,2026-01-01T12:00:09+00:00,sample-binary-execution-1,aggressive,aggressive,valid,[],0.34,0.35,0.33,0.37,0.03999999999999998,9.0,10.0,-0.05263157894736842,0.33799999999999997,NO_TRADE,0.009999999999999953,-0.01066000000000001,0.33,not_evaluated,edge_below_threshold,
aggressive-aggressive-decision-0011,11,2026-01-01T12:00:10+00:00,sample-binary-execution-1,aggressive,aggressive,valid,[],0.36,0.365,0.35,0.38,0.030000000000000027,14.0,10.0,0.16666666666666666,0.368,NO_TRADE,0.0050000000000000044,-0.010700000000000008,0.35,not_evaluated,edge_below_threshold,
aggressive-aggressive-decision-0012,12,2026-01-01T12:00:11+00:00,sample-binary-execution-1,aggressive,aggressive,valid,[],0.64,0.565,0.55,0.58,0.029999999999999916,16.0,12.0,0.14285714285714285,0.5714285714285714,BUY_YES,0.07500000000000007,0.05884000000000005,0.58,max_position,,
aggressive-aggressive-decision-0013,13,2026-01-01T12:00:12+00:00,sample-binary-execution-1,aggressive,aggressive,valid,[],0.65,0.575,0.56,0.59,0.029999999999999916,7.0,13.0,-0.3,0.5650000000000001,BUY_YES,0.07500000000000007,0.05882000000000005,0.59,max_position,,
aggressive-aggressive-decision-0014,14,2026-01-01T12:00:13+00:00,sample-binary-execution-1,aggressive,aggressive,valid,[],0.66,0.545,0.54,0.55,0.010000000000000009,7.0,11.0,-0.2222222222222222,0.5425,BUY_YES,0.11499999999999999,0.10889999999999998,0.55,max_position,,
aggressive-aggressive-decision-0015,15,2026-01-01T12:00:14+00:00,sample-binary-execution-1,aggressive,aggressive,valid,[],0.67,0.585,0.57,0.6,0.030000000000000027,14.0,12.0,0.07692307692307693,0.59,BUY_YES,0.08500000000000008,0.06880000000000006,0.6,max_position,,
aggressive-aggressive-decision-0016,16,2026-01-01T12:00:15+00:00,sample-binary-execution-1,aggressive,aggressive,valid,[],0.68,0.595,0.58,0.61,0.030000000000000027,8.0,12.0,-0.2,0.59,BUY_YES,0.08500000000000008,0.06878000000000006,0.61,max_position,,
aggressive-aggressive-decision-0017,17,2026-01-01T12:00:16+00:00,sample-binary-execution-1,aggressive,aggressive,valid,[],0.68,0.61,0.6,0.62,0.020000000000000018,8.0,12.0,-0.2,0.6066666666666666,BUY_YES,0.07000000000000006,0.058760000000000055,0.62,max_position,,
aggressive-aggressive-decision-0018,18,2026-01-01T12:00:17+00:00,sample-binary-execution-1,aggressive,aggressive,malformed,['malformed'],0.68,,0.6,,,2.0,0,1.0,,NO_TRADE,,,,not_evaluated,invalid_market_state:malformed,
aggressive-aggressive-decision-0019,19,2026-01-01T12:00:18+00:00,sample-binary-execution-1,aggressive,aggressive,valid,[],0.68,0.61,0.6,0.62,0.020000000000000018,8.0,12.0,-0.2,0.6066666666666666,BUY_YES,0.07000000000000006,0.058760000000000055,0.62,max_position,,
