fill_id,order_id,decision_id,profile_name,style,side,timestamp,price,size,fee,fair_yes,decision_timestamp,decision_mid_yes,mid_yes,raw_model_edge,spread,depth_imbalance,microprice,queue_ahead,inventory_after,realized_pnl_after,unrealized_pnl_after,total_marked_pnl_after,fill_reason
fill-000001,conservative-passive-order-0001,conservative-passive-decision-0001,conservative,passive,BUY_YES,2026-01-01T12:00:03+00:00,0.5,0.75,0.00075,0.62,2026-01-01T12:00:00+00:00,0.52,0.39,0.09999999999999998,0.03999999999999998,0.12,0.39909090909090905,2.0,0.75,0.0,-0.08324999999999999,-0.0832499999999925,visible_depth_depletion
fill-000002,conservative-passive-order-0003,conservative-passive-decision-0010,conservative,passive,SELL_YES,2026-01-01T12:00:11+00:00,0.37,2.5,0.00185,0.34,2026-01-01T12:00:09+00:00,0.35,0.565,0.009999999999999953,0.029999999999999916,0.14285714285714285,0.5714285714285714,0.0,-1.75,-0.098805,-0.34254499999999993,-0.4413499999999857,touch_or_cross
fill-000003,conservative-passive-order-0004,conservative-passive-decision-0012,conservative,passive,BUY_YES,2026-01-01T12:00:13+00:00,0.55,0.75,0.000825,0.64,2026-01-01T12:00:11+00:00,0.565,0.545,0.07500000000000007,0.010000000000000009,-0.2222222222222222,0.5425,6.0,-1.0,-0.23518500000000003,-0.17574000000000006,-0.41092499999999177,visible_depth_depletion
fill-000001,conservative-aggressive-order-0001,conservative-aggressive-decision-0001,conservative,aggressive,BUY_YES,2026-01-01T12:00:01+00:00,0.54,3.0,0.0032400000000000007,0.62,2026-01-01T12:00:00+00:00,0.52,0.52,0.09999999999999998,0.040000000000000036,-0.09090909090909091,0.5133333333333333,0.0,3.0,0.0,-0.06323999999999996,-0.0632399999999933,aggressive_cross
fill-000002,conservative-aggressive-order-0001,conservative-aggressive-decision-0001,conservative,aggressive,BUY_YES,2026-01-01T12:00:02+00:00,0.53,2.0,0.0021200000000000004,0.62,2026-01-01T12:00:00+00:00,0.52,0.515,0.09999999999999998,0.030000000000000027,-0.09090909090909091,0.51,0.0,5.0,0.0,-0.1103599999999999,-0.1103599999999858,aggressive_cross
fill-000003,conservative-aggressive-order-0002,conservative-aggressive-decision-0003,conservative,aggressive,BUY_YES,2026-01-01T12:00:03+00:00,0.41,2.25,0.0018449999999999999,0.63,2026-01-01T12:00:02+00:00,0.515,0.39,0.11499999999999999,0.03999999999999998,0.12,0.39909090909090905,0.0,7.25,0.0,-0.7822049999999999,-0.7822049999999905,aggressive_cross
fill-000001,base-passive-order-0001,base-passive-decision-0001,base,passive,BUY_YES,2026-01-01T12:00:03+00:00,0.5,1.5,0.0015,0.62,2026-01-01T12:00:00+00:00,0.52,0.39,0.09999999999999998,0.03999999999999998,0.12,0.39909090909090905,1.0,1.5,0.0,-0.16649999999999998,-0.1664999999999992,visible_depth_depletion
fill-000002,base-passive-order-0002,base-passive-decision-0007,base,passive,SELL_YES,2026-01-01T12:00:09+00:00,0.39,1.0,0.0007800000000000001,0.36,2026-01-01T12:00:06+00:00,0.37,0.35,0.010000000000000009,0.03999999999999998,-0.05263157894736842,0.33799999999999997,2.0,0.5,-0.11177999999999999,-0.07550000000000001,-0.18728000000000122,visible_depth_depletion
fill-000003,base-passive-order-0003,base-passive-decision-0010,base,passive,SELL_YES,2026-01-01T12:00:11+00:00,0.37,5.0,0.0037,0.34,2026-01-01T12:00:09+00:00,0.35,0.565,0.009999999999999953,0.029999999999999916,0.14285714285714285,0.5714285714285714,0.0,-4.5,-0.17764999999999997,-0.8808299999999999,-1.058480000000003,touch_or_cross
fill-000004,base-passive-order-0004,base-passive-decision-0012,base,passive,BUY_YES,2026-01-01T12:00:13+00:00,0.55,1.5,0.00165,0.64,2026-01-01T12:00:11+00:00,0.565,0.545,0.07500000000000007,0.010000000000000009,-0.2222222222222222,0.5425,3.0,-3.0,-0.45041000000000003,-0.5272200000000002,-0.9776300000000049,visible_depth_depletion
fill-000001,base-aggressive-order-0001,base-aggressive-decision-0001,base,aggressive,BUY_YES,2026-01-01T12:00:01+00:00,0.54,4.0,0.00432,0.62,2026-01-01T12:00:00+00:00,0.52,0.52,0.09999999999999998,0.040000000000000036,-0.09090909090909091,0.5133333333333333,0.0,4.0,0.0,-0.08431999999999995,-0.08432000000000528,aggressive_cross
fill-000002,base-aggressive-order-0001,base-aggressive-decision-0001,base,aggressive,BUY_YES,2026-01-01T12:00:02+00:00,0.53,1.0,0.0010600000000000002,0.62,2026-01-01T12:00:00+00:00,0.52,0.515,0.09999999999999998,0.030000000000000027,-0.09090909090909091,0.51,0.0,5.0,0.0,-0.12037999999999993,-0.12037999999999727,aggressive_cross
fill-000003,base-aggressive-order-0002,base-aggressive-decision-0003,base,aggressive,BUY_YES,2026-01-01T12:00:03+00:00,0.41,3.0,0.00246,0.63,2026-01-01T12:00:02+00:00,0.515,0.39,0.11499999999999999,0.03999999999999998,0.12,0.39909090909090905,0.0,8.0,0.0,-0.8078400000000001,-0.8078399999999988,aggressive_cross
fill-000001,aggressive-passive-order-0001,aggressive-passive-decision-0001,aggressive,passive,BUY_YES,2026-01-01T12:00:03+00:00,0.5,3.0,0.003,0.62,2026-01-01T12:00:00+00:00,0.52,0.39,0.09999999999999998,0.03999999999999998,0.12,0.39909090909090905,0.2,3.0,0.0,-0.33299999999999996,-0.3329999999999984,visible_depth_depletion
fill-000002,aggressive-passive-order-0002,aggressive-passive-decision-0007,aggressive,passive,SELL_YES,2026-01-01T12:00:09+00:00,0.39,3.6,0.002808,0.36,2026-01-01T12:00:06+00:00,0.37,0.35,0.010000000000000009,0.03999999999999998,-0.05263157894736842,0.33799999999999997,0.4,-0.6000000000000001,-0.33533999999999997,0.02353200000000002,-0.3118079999999992,visible_depth_depletion
fill-000003,aggressive-passive-order-0003,aggressive-passive-decision-0010,aggressive,passive,SELL_YES,2026-01-01T12:00:11+00:00,0.37,5.0,0.0037,0.34,2026-01-01T12:00:09+00:00,0.35,0.565,0.009999999999999953,0.029999999999999916,0.14285714285714285,0.5714285714285714,0.0,-5.6,-0.33533999999999997,-1.0841679999999994,-1.4195080000000075,touch_or_cross
fill-000004,aggressive-passive-order-0004,aggressive-passive-decision-0012,aggressive,passive,BUY_YES,2026-01-01T12:00:13+00:00,0.55,5.0,0.0055,0.64,2026-01-01T12:00:11+00:00,0.565,0.545,0.07500000000000007,0.010000000000000009,-0.2222222222222222,0.5425,0.6000000000000001,-0.5999999999999996,-1.233847142857143,-0.10416085714285708,-1.338008000000002,visible_depth_depletion
fill-000001,aggressive-aggressive-order-0001,aggressive-aggressive-decision-0001,aggressive,aggressive,BUY_YES,2026-01-01T12:00:01+00:00,0.54,4.0,0.00432,0.62,2026-01-01T12:00:00+00:00,0.52,0.52,0.09999999999999998,0.040000000000000036,-0.09090909090909091,0.5133333333333333,0.0,4.0,0.0,-0.08431999999999995,-0.08432000000000528,aggressive_cross
fill-000002,aggressive-aggressive-order-0001,aggressive-aggressive-decision-0001,aggressive,aggressive,BUY_YES,2026-01-01T12:00:02+00:00,0.53,1.0,0.0010600000000000002,0.62,2026-01-01T12:00:00+00:00,0.52,0.515,0.09999999999999998,0.030000000000000027,-0.09090909090909091,0.51,0.0,5.0,0.0,-0.12037999999999993,-0.12037999999999727,aggressive_cross
fill-000003,aggressive-aggressive-order-0002,aggressive-aggressive-decision-0003,aggressive,aggressive,BUY_YES,2026-01-01T12:00:03+00:00,0.41,3.0,0.00246,0.63,2026-01-01T12:00:02+00:00,0.515,0.39,0.11499999999999999,0.03999999999999998,0.12,0.39909090909090905,0.0,8.0,0.0,-0.8078400000000001,-0.8078399999999988,aggressive_cross
