fill_id,order_id,profile_name,style,side,fill_timestamp,fill_price,fee,current_mid_yes,decision_mid_yes,fair_yes,raw_model_edge,spread_paid_or_captured,net_realized_edge,inventory_after,next_snapshot_mid_yes,next_snapshot_signed_markout,horizon_markouts,eventual_settlement_yes,eventual_signed_markout
fill-000001,conservative-passive-order-0001,conservative,passive,BUY_YES,2026-01-01T12:00:03+00:00,0.5,0.00075,0.39,0.52,0.62,0.09999999999999998,-0.10999999999999999,0.119,0.75,0.37,-0.13,"{'1': -0.13, '3': -0.15000000000000002, '5': 0.06499999999999995}",True,0.5
fill-000002,conservative-passive-order-0003,conservative,passive,SELL_YES,2026-01-01T12:00:11+00:00,0.37,0.00185,0.565,0.35,0.34,0.009999999999999953,-0.19499999999999995,0.02925999999999997,-1.75,0.575,-0.20499999999999996,"{'1': -0.20499999999999996, '3': -0.21499999999999997, '5': -0.24}",True,-0.63
fill-000003,conservative-passive-order-0004,conservative,passive,BUY_YES,2026-01-01T12:00:13+00:00,0.55,0.000825,0.545,0.565,0.64,0.07500000000000007,-0.0050000000000000044,0.08889999999999997,-1.0,0.585,0.03499999999999992,"{'1': 0.03499999999999992, '3': 0.05999999999999994, '5': None}",True,0.44999999999999996
fill-000001,conservative-aggressive-order-0001,conservative,aggressive,BUY_YES,2026-01-01T12:00:01+00:00,0.54,0.0032400000000000007,0.52,0.52,0.62,0.09999999999999998,-0.020000000000000018,0.07891999999999996,3.0,0.515,-0.025000000000000022,"{'1': -0.025000000000000022, '3': -0.17000000000000004, '5': -0.19000000000000006}",True,0.45999999999999996
fill-000002,conservative-aggressive-order-0001,conservative,aggressive,BUY_YES,2026-01-01T12:00:02+00:00,0.53,0.0021200000000000004,0.515,0.52,0.62,0.09999999999999998,-0.015000000000000013,0.08893999999999996,5.0,0.39,-0.14,"{'1': -0.14, '3': -0.16000000000000003, '5': -0.16500000000000004}",True,0.47
fill-000003,conservative-aggressive-order-0002,conservative,aggressive,BUY_YES,2026-01-01T12:00:03+00:00,0.41,0.0018449999999999999,0.39,0.515,0.63,0.11499999999999999,-0.019999999999999962,0.21918000000000004,7.25,0.37,-0.03999999999999998,"{'1': -0.03999999999999998, '3': -0.06, '5': 0.15499999999999997}",True,0.5900000000000001
fill-000001,base-passive-order-0001,base,passive,BUY_YES,2026-01-01T12:00:03+00:00,0.5,0.0015,0.39,0.52,0.62,0.09999999999999998,-0.10999999999999999,0.119,1.5,0.37,-0.13,"{'1': -0.13, '3': -0.15000000000000002, '5': 0.06499999999999995}",True,0.5
fill-000002,base-passive-order-0002,base,passive,SELL_YES,2026-01-01T12:00:09+00:00,0.39,0.0007800000000000001,0.35,0.37,0.36,0.010000000000000009,0.040000000000000036,0.029220000000000027,0.5,0.365,0.025000000000000022,"{'1': 0.025000000000000022, '3': -0.18499999999999994, '5': -0.19499999999999995}",True,-0.61
fill-000003,base-passive-order-0003,base,passive,SELL_YES,2026-01-01T12:00:11+00:00,0.37,0.0037,0.565,0.35,0.34,0.009999999999999953,-0.19499999999999995,0.02925999999999997,-4.5,0.575,-0.20499999999999996,"{'1': -0.20499999999999996, '3': -0.21499999999999997, '5': -0.24}",True,-0.63
fill-000004,base-passive-order-0004,base,passive,BUY_YES,2026-01-01T12:00:13+00:00,0.55,0.00165,0.545,0.565,0.64,0.07500000000000007,-0.0050000000000000044,0.08889999999999997,-3.0,0.585,0.03499999999999992,"{'1': 0.03499999999999992, '3': 0.05999999999999994, '5': None}",True,0.44999999999999996
fill-000001,base-aggressive-order-0001,base,aggressive,BUY_YES,2026-01-01T12:00:01+00:00,0.54,0.00432,0.52,0.52,0.62,0.09999999999999998,-0.020000000000000018,0.07891999999999996,4.0,0.515,-0.025000000000000022,"{'1': -0.025000000000000022, '3': -0.17000000000000004, '5': -0.19000000000000006}",True,0.45999999999999996
fill-000002,base-aggressive-order-0001,base,aggressive,BUY_YES,2026-01-01T12:00:02+00:00,0.53,0.0010600000000000002,0.515,0.52,0.62,0.09999999999999998,-0.015000000000000013,0.08893999999999996,5.0,0.39,-0.14,"{'1': -0.14, '3': -0.16000000000000003, '5': -0.16500000000000004}",True,0.47
fill-000003,base-aggressive-order-0002,base,aggressive,BUY_YES,2026-01-01T12:00:03+00:00,0.41,0.00246,0.39,0.515,0.63,0.11499999999999999,-0.019999999999999962,0.21918000000000004,8.0,0.37,-0.03999999999999998,"{'1': -0.03999999999999998, '3': -0.06, '5': 0.15499999999999997}",True,0.5900000000000001
fill-000001,aggressive-passive-order-0001,aggressive,passive,BUY_YES,2026-01-01T12:00:03+00:00,0.5,0.003,0.39,0.52,0.62,0.09999999999999998,-0.10999999999999999,0.119,3.0,0.37,-0.13,"{'1': -0.13, '3': -0.15000000000000002, '5': 0.06499999999999995}",True,0.5
fill-000002,aggressive-passive-order-0002,aggressive,passive,SELL_YES,2026-01-01T12:00:09+00:00,0.39,0.002808,0.35,0.37,0.36,0.010000000000000009,0.040000000000000036,0.029220000000000027,-0.6000000000000001,0.365,0.025000000000000022,"{'1': 0.025000000000000022, '3': -0.18499999999999994, '5': -0.19499999999999995}",True,-0.61
fill-000003,aggressive-passive-order-0003,aggressive,passive,SELL_YES,2026-01-01T12:00:11+00:00,0.37,0.0037,0.565,0.35,0.34,0.009999999999999953,-0.19499999999999995,0.02925999999999997,-5.6,0.575,-0.20499999999999996,"{'1': -0.20499999999999996, '3': -0.21499999999999997, '5': -0.24}",True,-0.63
fill-000004,aggressive-passive-order-0004,aggressive,passive,BUY_YES,2026-01-01T12:00:13+00:00,0.55,0.0055,0.545,0.565,0.64,0.07500000000000007,-0.0050000000000000044,0.08889999999999997,-0.5999999999999996,0.585,0.03499999999999992,"{'1': 0.03499999999999992, '3': 0.05999999999999994, '5': None}",True,0.44999999999999996
fill-000001,aggressive-aggressive-order-0001,aggressive,aggressive,BUY_YES,2026-01-01T12:00:01+00:00,0.54,0.00432,0.52,0.52,0.62,0.09999999999999998,-0.020000000000000018,0.07891999999999996,4.0,0.515,-0.025000000000000022,"{'1': -0.025000000000000022, '3': -0.17000000000000004, '5': -0.19000000000000006}",True,0.45999999999999996
fill-000002,aggressive-aggressive-order-0001,aggressive,aggressive,BUY_YES,2026-01-01T12:00:02+00:00,0.53,0.0010600000000000002,0.515,0.52,0.62,0.09999999999999998,-0.015000000000000013,0.08893999999999996,5.0,0.39,-0.14,"{'1': -0.14, '3': -0.16000000000000003, '5': -0.16500000000000004}",True,0.47
fill-000003,aggressive-aggressive-order-0002,aggressive,aggressive,BUY_YES,2026-01-01T12:00:03+00:00,0.41,0.00246,0.39,0.515,0.63,0.11499999999999999,-0.019999999999999962,0.21918000000000004,8.0,0.37,-0.03999999999999998,"{'1': -0.03999999999999998, '3': -0.06, '5': 0.15499999999999997}",True,0.5900000000000001
