order_id,decision_id,market_id,profile_name,style,side,price,size,remaining_size,status,decision_timestamp,submit_timestamp,acknowledge_timestamp,expiry_timestamp,fair_yes,mid_yes,edge_after_fee,raw_model_edge,queue_ahead,last_queue_depth,cancel_request_timestamp,cancel_acknowledge_timestamp,filled_size,fees_paid,first_rest_timestamp,last_update_timestamp,reject_reason
conservative-passive-order-0001,conservative-passive-decision-0001,sample-binary-execution-1,conservative,passive,BUY_YES,0.5,5.0,4.25,CANCELLED,2026-01-01T12:00:00+00:00,2026-01-01T12:00:00.250000+00:00,2026-01-01T12:00:00.500000+00:00,2026-01-01T12:00:04+00:00,0.62,0.52,0.119,0.09999999999999998,2.0,0,2026-01-01T12:00:03+00:00,2026-01-01T12:00:04+00:00,0.75,0.00075,2026-01-01T12:00:00.500000+00:00,2026-01-01T12:00:04+00:00,
conservative-passive-order-0002,conservative-passive-decision-0007,sample-binary-execution-1,conservative,passive,SELL_YES,0.39,5.0,5.0,CANCELLED,2026-01-01T12:00:06+00:00,2026-01-01T12:00:06.250000+00:00,2026-01-01T12:00:06.500000+00:00,2026-01-01T12:00:10+00:00,0.36,0.37,0.029220000000000027,0.010000000000000009,4.0,0,2026-01-01T12:00:08+00:00,2026-01-01T12:00:09+00:00,0.0,0.0,2026-01-01T12:00:06.500000+00:00,2026-01-01T12:00:09+00:00,
conservative-passive-order-0003,conservative-passive-decision-0010,sample-binary-execution-1,conservative,passive,SELL_YES,0.37,5.0,2.5,CANCELLED,2026-01-01T12:00:09+00:00,2026-01-01T12:00:09.250000+00:00,2026-01-01T12:00:09.500000+00:00,2026-01-01T12:00:13+00:00,0.34,0.35,0.02925999999999997,0.009999999999999953,0.0,0,2026-01-01T12:00:10+00:00,2026-01-01T12:00:11+00:00,2.5,0.00185,2026-01-01T12:00:09.500000+00:00,2026-01-01T12:00:11+00:00,
conservative-passive-order-0004,conservative-passive-decision-0012,sample-binary-execution-1,conservative,passive,BUY_YES,0.55,5.0,4.25,CANCELLED,2026-01-01T12:00:11+00:00,2026-01-01T12:00:11.250000+00:00,2026-01-01T12:00:11.500000+00:00,2026-01-01T12:00:15+00:00,0.64,0.565,0.08889999999999997,0.07500000000000007,6.0,0,2026-01-01T12:00:12+00:00,2026-01-01T12:00:13+00:00,0.75,0.000825,2026-01-01T12:00:11.500000+00:00,2026-01-01T12:00:13+00:00,
conservative-passive-order-0005,conservative-passive-decision-0014,sample-binary-execution-1,conservative,passive,BUY_YES,0.54,5.0,5.0,CANCELLED,2026-01-01T12:00:13+00:00,2026-01-01T12:00:13.250000+00:00,2026-01-01T12:00:13.500000+00:00,2026-01-01T12:00:17+00:00,0.66,0.545,0.11892,0.11499999999999999,0.0,0,2026-01-01T12:00:14+00:00,2026-01-01T12:00:15+00:00,0.0,0.0,2026-01-01T12:00:13.500000+00:00,2026-01-01T12:00:15+00:00,
conservative-passive-order-0006,conservative-passive-decision-0016,sample-binary-execution-1,conservative,passive,BUY_YES,0.58,5.0,5.0,CANCELLED,2026-01-01T12:00:15+00:00,2026-01-01T12:00:15.250000+00:00,2026-01-01T12:00:15.500000+00:00,2026-01-01T12:00:19+00:00,0.68,0.595,0.0988400000000001,0.08500000000000008,0.0,0,2026-01-01T12:00:16+00:00,2026-01-01T12:00:17+00:00,0.0,0.0,2026-01-01T12:00:15.500000+00:00,2026-01-01T12:00:17+00:00,
conservative-passive-order-0007,conservative-passive-decision-0019,sample-binary-execution-1,conservative,passive,BUY_YES,0.6,5.0,5.0,EXPIRED,2026-01-01T12:00:18+00:00,2026-01-01T12:00:18.250000+00:00,2026-01-01T12:00:18.500000+00:00,2026-01-01T12:00:22+00:00,0.68,0.61,0.07880000000000006,0.07000000000000006,0.0,0.0,,,0.0,0.0,,2026-01-01T12:00:22+00:00,
conservative-aggressive-order-0001,conservative-aggressive-decision-0001,sample-binary-execution-1,conservative,aggressive,BUY_YES,0.54,5.0,0.0,FILLED,2026-01-01T12:00:00+00:00,2026-01-01T12:00:00.250000+00:00,2026-01-01T12:00:00.500000+00:00,2026-01-01T12:00:04+00:00,0.62,0.52,0.07891999999999996,0.09999999999999998,0.0,0,,,5.0,0.005360000000000001,2026-01-01T12:00:00.500000+00:00,2026-01-01T12:00:02+00:00,
conservative-aggressive-order-0002,conservative-aggressive-decision-0003,sample-binary-execution-1,conservative,aggressive,BUY_YES,0.53,5.0,2.75,CANCELLED,2026-01-01T12:00:02+00:00,2026-01-01T12:00:02.250000+00:00,2026-01-01T12:00:02.500000+00:00,2026-01-01T12:00:06+00:00,0.63,0.515,0.09893999999999997,0.11499999999999999,0.0,0,2026-01-01T12:00:03+00:00,2026-01-01T12:00:04+00:00,2.25,0.0018449999999999999,2026-01-01T12:00:02.500000+00:00,2026-01-01T12:00:04+00:00,
base-passive-order-0001,base-passive-decision-0001,sample-binary-execution-1,base,passive,BUY_YES,0.5,5.0,3.5,CANCELLED,2026-01-01T12:00:00+00:00,2026-01-01T12:00:00.250000+00:00,2026-01-01T12:00:00.500000+00:00,2026-01-01T12:00:04+00:00,0.62,0.52,0.119,0.09999999999999998,1.0,0,2026-01-01T12:00:03+00:00,2026-01-01T12:00:04+00:00,1.5,0.0015,2026-01-01T12:00:00.500000+00:00,2026-01-01T12:00:04+00:00,
base-passive-order-0002,base-passive-decision-0007,sample-binary-execution-1,base,passive,SELL_YES,0.39,5.0,4.0,CANCELLED,2026-01-01T12:00:06+00:00,2026-01-01T12:00:06.250000+00:00,2026-01-01T12:00:06.500000+00:00,2026-01-01T12:00:10+00:00,0.36,0.37,0.029220000000000027,0.010000000000000009,2.0,0,2026-01-01T12:00:08+00:00,2026-01-01T12:00:09+00:00,1.0,0.0007800000000000001,2026-01-01T12:00:06.500000+00:00,2026-01-01T12:00:09+00:00,
base-passive-order-0003,base-passive-decision-0010,sample-binary-execution-1,base,passive,SELL_YES,0.37,5.0,0.0,FILLED,2026-01-01T12:00:09+00:00,2026-01-01T12:00:09.250000+00:00,2026-01-01T12:00:09.500000+00:00,2026-01-01T12:00:13+00:00,0.34,0.35,0.02925999999999997,0.009999999999999953,0.0,0,2026-01-01T12:00:10+00:00,2026-01-01T12:00:11+00:00,5.0,0.0037,2026-01-01T12:00:09.500000+00:00,2026-01-01T12:00:11+00:00,
base-passive-order-0004,base-passive-decision-0012,sample-binary-execution-1,base,passive,BUY_YES,0.55,5.0,3.5,CANCELLED,2026-01-01T12:00:11+00:00,2026-01-01T12:00:11.250000+00:00,2026-01-01T12:00:11.500000+00:00,2026-01-01T12:00:15+00:00,0.64,0.565,0.08889999999999997,0.07500000000000007,3.0,0,2026-01-01T12:00:12+00:00,2026-01-01T12:00:13+00:00,1.5,0.00165,2026-01-01T12:00:11.500000+00:00,2026-01-01T12:00:13+00:00,
base-passive-order-0005,base-passive-decision-0014,sample-binary-execution-1,base,passive,BUY_YES,0.54,5.0,5.0,CANCELLED,2026-01-01T12:00:13+00:00,2026-01-01T12:00:13.250000+00:00,2026-01-01T12:00:13.500000+00:00,2026-01-01T12:00:17+00:00,0.66,0.545,0.11892,0.11499999999999999,0.0,0,2026-01-01T12:00:14+00:00,2026-01-01T12:00:15+00:00,0.0,0.0,2026-01-01T12:00:13.500000+00:00,2026-01-01T12:00:15+00:00,
base-passive-order-0006,base-passive-decision-0016,sample-binary-execution-1,base,passive,BUY_YES,0.58,5.0,5.0,CANCELLED,2026-01-01T12:00:15+00:00,2026-01-01T12:00:15.250000+00:00,2026-01-01T12:00:15.500000+00:00,2026-01-01T12:00:19+00:00,0.68,0.595,0.0988400000000001,0.08500000000000008,0.0,0,2026-01-01T12:00:16+00:00,2026-01-01T12:00:17+00:00,0.0,0.0,2026-01-01T12:00:15.500000+00:00,2026-01-01T12:00:17+00:00,
base-passive-order-0007,base-passive-decision-0019,sample-binary-execution-1,base,passive,BUY_YES,0.6,5.0,5.0,EXPIRED,2026-01-01T12:00:18+00:00,2026-01-01T12:00:18.250000+00:00,2026-01-01T12:00:18.500000+00:00,2026-01-01T12:00:22+00:00,0.68,0.61,0.07880000000000006,0.07000000000000006,0.0,0.0,,,0.0,0.0,,2026-01-01T12:00:22+00:00,
base-aggressive-order-0001,base-aggressive-decision-0001,sample-binary-execution-1,base,aggressive,BUY_YES,0.54,5.0,0.0,FILLED,2026-01-01T12:00:00+00:00,2026-01-01T12:00:00.250000+00:00,2026-01-01T12:00:00.500000+00:00,2026-01-01T12:00:04+00:00,0.62,0.52,0.07891999999999996,0.09999999999999998,0.0,0,,,5.0,0.00538,2026-01-01T12:00:00.500000+00:00,2026-01-01T12:00:02+00:00,
base-aggressive-order-0002,base-aggressive-decision-0003,sample-binary-execution-1,base,aggressive,BUY_YES,0.53,5.0,2.0,CANCELLED,2026-01-01T12:00:02+00:00,2026-01-01T12:00:02.250000+00:00,2026-01-01T12:00:02.500000+00:00,2026-01-01T12:00:06+00:00,0.63,0.515,0.09893999999999997,0.11499999999999999,0.0,0,2026-01-01T12:00:03+00:00,2026-01-01T12:00:04+00:00,3.0,0.00246,2026-01-01T12:00:02.500000+00:00,2026-01-01T12:00:04+00:00,
aggressive-passive-order-0001,aggressive-passive-decision-0001,sample-binary-execution-1,aggressive,passive,BUY_YES,0.5,5.0,2.0,CANCELLED,2026-01-01T12:00:00+00:00,2026-01-01T12:00:00.250000+00:00,2026-01-01T12:00:00.500000+00:00,2026-01-01T12:00:04+00:00,0.62,0.52,0.119,0.09999999999999998,0.2,0,2026-01-01T12:00:03+00:00,2026-01-01T12:00:04+00:00,3.0,0.003,2026-01-01T12:00:00.500000+00:00,2026-01-01T12:00:04+00:00,
aggressive-passive-order-0002,aggressive-passive-decision-0007,sample-binary-execution-1,aggressive,passive,SELL_YES,0.39,5.0,1.4,CANCELLED,2026-01-01T12:00:06+00:00,2026-01-01T12:00:06.250000+00:00,2026-01-01T12:00:06.500000+00:00,2026-01-01T12:00:10+00:00,0.36,0.37,0.029220000000000027,0.010000000000000009,0.4,0,2026-01-01T12:00:08+00:00,2026-01-01T12:00:09+00:00,3.6,0.002808,2026-01-01T12:00:06.500000+00:00,2026-01-01T12:00:09+00:00,
aggressive-passive-order-0003,aggressive-passive-decision-0010,sample-binary-execution-1,aggressive,passive,SELL_YES,0.37,5.0,0.0,FILLED,2026-01-01T12:00:09+00:00,2026-01-01T12:00:09.250000+00:00,2026-01-01T12:00:09.500000+00:00,2026-01-01T12:00:13+00:00,0.34,0.35,0.02925999999999997,0.009999999999999953,0.0,0,2026-01-01T12:00:10+00:00,2026-01-01T12:00:11+00:00,5.0,0.0037,2026-01-01T12:00:09.500000+00:00,2026-01-01T12:00:11+00:00,
aggressive-passive-order-0004,aggressive-passive-decision-0012,sample-binary-execution-1,aggressive,passive,BUY_YES,0.55,5.0,0.0,FILLED,2026-01-01T12:00:11+00:00,2026-01-01T12:00:11.250000+00:00,2026-01-01T12:00:11.500000+00:00,2026-01-01T12:00:15+00:00,0.64,0.565,0.08889999999999997,0.07500000000000007,0.6000000000000001,0,2026-01-01T12:00:12+00:00,2026-01-01T12:00:13+00:00,5.0,0.0055,2026-01-01T12:00:11.500000+00:00,2026-01-01T12:00:13+00:00,
aggressive-passive-order-0005,aggressive-passive-decision-0014,sample-binary-execution-1,aggressive,passive,BUY_YES,0.54,5.0,5.0,CANCELLED,2026-01-01T12:00:13+00:00,2026-01-01T12:00:13.250000+00:00,2026-01-01T12:00:13.500000+00:00,2026-01-01T12:00:17+00:00,0.66,0.545,0.11892,0.11499999999999999,0.0,0,2026-01-01T12:00:14+00:00,2026-01-01T12:00:15+00:00,0.0,0.0,2026-01-01T12:00:13.500000+00:00,2026-01-01T12:00:15+00:00,
aggressive-passive-order-0006,aggressive-passive-decision-0016,sample-binary-execution-1,aggressive,passive,BUY_YES,0.58,5.0,5.0,CANCELLED,2026-01-01T12:00:15+00:00,2026-01-01T12:00:15.250000+00:00,2026-01-01T12:00:15.500000+00:00,2026-01-01T12:00:19+00:00,0.68,0.595,0.0988400000000001,0.08500000000000008,0.0,0,2026-01-01T12:00:16+00:00,2026-01-01T12:00:17+00:00,0.0,0.0,2026-01-01T12:00:15.500000+00:00,2026-01-01T12:00:17+00:00,
aggressive-passive-order-0007,aggressive-passive-decision-0019,sample-binary-execution-1,aggressive,passive,BUY_YES,0.6,5.0,5.0,EXPIRED,2026-01-01T12:00:18+00:00,2026-01-01T12:00:18.250000+00:00,2026-01-01T12:00:18.500000+00:00,2026-01-01T12:00:22+00:00,0.68,0.61,0.07880000000000006,0.07000000000000006,0.0,0.0,,,0.0,0.0,,2026-01-01T12:00:22+00:00,
aggressive-aggressive-order-0001,aggressive-aggressive-decision-0001,sample-binary-execution-1,aggressive,aggressive,BUY_YES,0.54,5.0,0.0,FILLED,2026-01-01T12:00:00+00:00,2026-01-01T12:00:00.250000+00:00,2026-01-01T12:00:00.500000+00:00,2026-01-01T12:00:04+00:00,0.62,0.52,0.07891999999999996,0.09999999999999998,0.0,0,,,5.0,0.00538,2026-01-01T12:00:00.500000+00:00,2026-01-01T12:00:02+00:00,
aggressive-aggressive-order-0002,aggressive-aggressive-decision-0003,sample-binary-execution-1,aggressive,aggressive,BUY_YES,0.53,5.0,2.0,CANCELLED,2026-01-01T12:00:02+00:00,2026-01-01T12:00:02.250000+00:00,2026-01-01T12:00:02.500000+00:00,2026-01-01T12:00:06+00:00,0.63,0.515,0.09893999999999997,0.11499999999999999,0.0,0,2026-01-01T12:00:03+00:00,2026-01-01T12:00:04+00:00,3.0,0.00246,2026-01-01T12:00:02.500000+00:00,2026-01-01T12:00:04+00:00,
