experiment_id,dimension,value,profile_name,style,quoteable_decisions,orders_submitted,filled_size,fill_rate,average_spread_paid_or_captured,average_next_adverse_selection,average_raw_model_edge,average_net_realized_edge,markout_observations,markout_coverage,positive_next_markout_rate,average_next_signed_markout,total_pnl,fees,final_position_yes,assessment
baseline,baseline,default,base,passive,10,7,9.0,0.257143,-0.0675,0.08375,0.04875,0.066595,4,1.0,0.5,-0.06875,-1.17263,0.00763,-3.0,baseline
experiment-001,fair_value_edge_offset,-0.01,base,passive,10,7,9.0,0.257143,-0.0675,0.08375,0.04875,0.066595,4,1.0,0.5,-0.06875,-1.17263,0.00763,-3.0,stable_on_this_sample
experiment-002,fair_value_edge_offset,0.02,base,passive,10,7,3.75,0.107143,-0.038333,0.043333,0.075,0.0924,3,1.0,0.666667,-0.026667,0.446325,0.003675,3.75,assumption_sensitive
experiment-003,spread,0.02,base,passive,9,7,7.0,0.2,-0.106667,0.158333,0.07,0.07908,3,1.0,0.0,-0.158333,-1.05564,0.00564,-3.0,assumption_sensitive
experiment-004,spread,0.06,base,passive,10,8,9.0,0.225,-0.078333,0.105,0.04,0.069153,3,1.0,0.333333,-0.093333,-1.50227,0.00727,-6.0,assumption_sensitive
experiment-005,book_imbalance,-0.5,base,passive,11,8,17.4375,0.435937,-0.0675,0.08375,0.04875,0.066595,4,1.0,0.5,-0.06875,-0.872411,0.016161,2.5625,assumption_sensitive
experiment-006,book_imbalance,0.5,base,passive,10,7,12.6875,0.3625,-0.0675,0.08375,0.04875,0.066595,4,1.0,0.5,-0.06875,-0.911324,0.011324,0.0625,assumption_sensitive
experiment-007,visible_depth_multiplier,0.5,base,passive,10,7,4.5,0.128571,-0.0675,0.08375,0.04875,0.066595,4,1.0,0.5,-0.06875,-0.586315,0.003815,-1.5,assumption_sensitive
experiment-008,visible_depth_multiplier,2.0,base,passive,10,7,13.0,0.371429,-0.0675,0.08375,0.04875,0.066595,4,1.0,0.5,-0.06875,-1.14156,0.01156,-1.0,assumption_sensitive
experiment-009,latency_ms,0,base,passive,10,7,1.5,0.042857,-0.11,0.13,0.1,0.119,1,1.0,0.0,-0.13,0.1635,0.0015,1.5,assumption_sensitive
experiment-010,latency_ms,750,base,passive,10,7,1.5,0.042857,-0.11,0.13,0.1,0.119,1,1.0,0.0,-0.13,0.1635,0.0015,1.5,assumption_sensitive
experiment-011,execution_profile,conservative,conservative,passive,10,7,4.0,0.114286,-0.103333,0.111667,0.061667,0.079053,3,1.0,0.333333,-0.1,-0.475925,0.003425,-1.0,assumption_sensitive
experiment-012,execution_profile,base,base,passive,10,7,9.0,0.257143,-0.0675,0.08375,0.04875,0.066595,4,1.0,0.5,-0.06875,-1.17263,0.00763,-3.0,stable_on_this_sample
experiment-013,execution_profile,aggressive,aggressive,passive,10,7,16.6,0.474286,-0.0675,0.08375,0.04875,0.066595,4,1.0,0.5,-0.06875,-1.377008,0.015008,-0.6,assumption_sensitive
experiment-014,queue_ahead_fraction,1.0,base,passive,10,7,8.0,0.228571,-0.103333,0.111667,0.061667,0.079053,3,1.0,0.333333,-0.1,-0.95185,0.00685,-2.0,assumption_sensitive
experiment-015,queue_ahead_fraction,0.5,base,passive,10,7,9.0,0.257143,-0.0675,0.08375,0.04875,0.066595,4,1.0,0.5,-0.06875,-1.17263,0.00763,-3.0,stable_on_this_sample
experiment-016,queue_ahead_fraction,0.1,base,passive,10,7,11.0,0.314286,-0.0675,0.08375,0.04875,0.066595,4,1.0,0.5,-0.06875,-1.278574,0.009574,-2.6,stable_on_this_sample
experiment-017,passive_fill_fraction,0.25,base,passive,10,7,4.5,0.128571,-0.0675,0.08375,0.04875,0.066595,4,1.0,0.5,-0.06875,-0.586315,0.003815,-1.5,assumption_sensitive
experiment-018,passive_fill_fraction,0.5,base,passive,10,7,9.0,0.257143,-0.0675,0.08375,0.04875,0.066595,4,1.0,0.5,-0.06875,-1.17263,0.00763,-3.0,stable_on_this_sample
experiment-019,passive_fill_fraction,1.0,base,passive,10,7,13.0,0.371429,-0.0675,0.08375,0.04875,0.066595,4,1.0,0.5,-0.06875,-1.14156,0.01156,-1.0,assumption_sensitive
experiment-020,initial_inventory_yes,-5.0,base,passive,10,7,9.0,0.257143,-0.0675,0.08375,0.04875,0.066595,4,1.0,0.5,-0.06875,-1.72263,0.00763,-8.0,assumption_sensitive
experiment-021,initial_inventory_yes,5.0,base,passive,10,7,9.0,0.257143,-0.0675,0.08375,0.04875,0.066595,4,1.0,0.5,-0.06875,-0.62263,0.00763,2.0,assumption_sensitive
experiment-022,fee_bps,0.0,base,passive,10,7,9.0,0.257143,-0.0675,0.08375,0.04875,0.0675,4,1.0,0.5,-0.06875,-1.165,0.0,-3.0,stable_on_this_sample
experiment-023,fee_bps,50.0,base,passive,10,7,9.0,0.257143,-0.0675,0.08375,0.04875,0.065237,4,1.0,0.5,-0.06875,-1.184075,0.019075,-3.0,stable_on_this_sample
