profile_name,style,slice_type,slice_value,observations,markout_observations,markout_coverage,positive_next_markout_rate,average_next_signed_markout,average_markout_1,average_markout_3,average_markout_5,average_eventual_signed_markout,average_net_realized_edge
aggressive,aggressive,edge_bucket,0.05+,3,3,1.0,0.0,-0.06833333333333334,-0.06833333333333334,-0.13000000000000003,-0.06666666666666671,0.5066666666666667,0.1290133333333333
aggressive,aggressive,inventory_bucket,long,3,3,1.0,0.0,-0.06833333333333334,-0.06833333333333334,-0.13000000000000003,-0.06666666666666671,0.5066666666666667,0.1290133333333333
aggressive,aggressive,latency_bucket,1500ms+,1,1,1.0,0.0,-0.14,-0.14,-0.16000000000000003,-0.16500000000000004,0.47,0.08893999999999996
aggressive,aggressive,latency_bucket,500-1500ms,2,2,1.0,0.0,-0.0325,-0.0325,-0.11500000000000002,-0.017500000000000043,0.525,0.14905000000000002
aggressive,aggressive,spread_bucket,0.02-0.05,3,3,1.0,0.0,-0.06833333333333334,-0.06833333333333334,-0.13000000000000003,-0.06666666666666671,0.5066666666666667,0.1290133333333333
aggressive,passive,edge_bucket,0.00-0.02,2,2,1.0,0.5,-0.08999999999999997,-0.08999999999999997,-0.19999999999999996,-0.21749999999999997,-0.62,0.02924
aggressive,passive,edge_bucket,0.05+,2,2,1.0,0.5,-0.04750000000000004,-0.04750000000000004,-0.04500000000000004,0.06499999999999995,0.475,0.10394999999999999
aggressive,passive,inventory_bucket,long,1,1,1.0,0.0,-0.13,-0.13,-0.15000000000000002,0.06499999999999995,0.5,0.119
aggressive,passive,inventory_bucket,short,3,3,1.0,0.6666666666666666,-0.04833333333333334,-0.04833333333333334,-0.11333333333333333,-0.21749999999999997,-0.26333333333333336,0.04912666666666665
aggressive,passive,latency_bucket,1500ms+,4,4,1.0,0.5,-0.06875,-0.06875,-0.1225,-0.12333333333333334,-0.07250000000000001,0.06659499999999999
aggressive,passive,spread_bucket,0.02-0.05,4,4,1.0,0.5,-0.06875,-0.06875,-0.1225,-0.12333333333333334,-0.07250000000000001,0.06659499999999999
base,aggressive,edge_bucket,0.05+,3,3,1.0,0.0,-0.06833333333333334,-0.06833333333333334,-0.13000000000000003,-0.06666666666666671,0.5066666666666667,0.1290133333333333
base,aggressive,inventory_bucket,long,3,3,1.0,0.0,-0.06833333333333334,-0.06833333333333334,-0.13000000000000003,-0.06666666666666671,0.5066666666666667,0.1290133333333333
base,aggressive,latency_bucket,1500ms+,1,1,1.0,0.0,-0.14,-0.14,-0.16000000000000003,-0.16500000000000004,0.47,0.08893999999999996
base,aggressive,latency_bucket,500-1500ms,2,2,1.0,0.0,-0.0325,-0.0325,-0.11500000000000002,-0.017500000000000043,0.525,0.14905000000000002
base,aggressive,spread_bucket,0.02-0.05,3,3,1.0,0.0,-0.06833333333333334,-0.06833333333333334,-0.13000000000000003,-0.06666666666666671,0.5066666666666667,0.1290133333333333
base,passive,edge_bucket,0.00-0.02,2,2,1.0,0.5,-0.08999999999999997,-0.08999999999999997,-0.19999999999999996,-0.21749999999999997,-0.62,0.02924
base,passive,edge_bucket,0.05+,2,2,1.0,0.5,-0.04750000000000004,-0.04750000000000004,-0.04500000000000004,0.06499999999999995,0.475,0.10394999999999999
base,passive,inventory_bucket,long,2,2,1.0,0.5,-0.05249999999999999,-0.05249999999999999,-0.16749999999999998,-0.065,-0.05499999999999999,0.07411000000000001
base,passive,inventory_bucket,short,2,2,1.0,0.5,-0.08500000000000002,-0.08500000000000002,-0.07750000000000001,-0.24,-0.09000000000000002,0.059079999999999966
base,passive,latency_bucket,1500ms+,4,4,1.0,0.5,-0.06875,-0.06875,-0.1225,-0.12333333333333334,-0.07250000000000001,0.06659499999999999
base,passive,spread_bucket,0.02-0.05,4,4,1.0,0.5,-0.06875,-0.06875,-0.1225,-0.12333333333333334,-0.07250000000000001,0.06659499999999999
conservative,aggressive,edge_bucket,0.05+,3,3,1.0,0.0,-0.06833333333333334,-0.06833333333333334,-0.13000000000000003,-0.06666666666666671,0.5066666666666667,0.1290133333333333
conservative,aggressive,inventory_bucket,long,3,3,1.0,0.0,-0.06833333333333334,-0.06833333333333334,-0.13000000000000003,-0.06666666666666671,0.5066666666666667,0.1290133333333333
conservative,aggressive,latency_bucket,1500ms+,1,1,1.0,0.0,-0.14,-0.14,-0.16000000000000003,-0.16500000000000004,0.47,0.08893999999999996
conservative,aggressive,latency_bucket,500-1500ms,2,2,1.0,0.0,-0.0325,-0.0325,-0.11500000000000002,-0.017500000000000043,0.525,0.14905000000000002
conservative,aggressive,spread_bucket,0.02-0.05,3,3,1.0,0.0,-0.06833333333333334,-0.06833333333333334,-0.13000000000000003,-0.06666666666666671,0.5066666666666667,0.1290133333333333
conservative,passive,edge_bucket,0.00-0.02,1,1,1.0,0.0,-0.20499999999999996,-0.20499999999999996,-0.21499999999999997,-0.24,-0.63,0.02925999999999997
conservative,passive,edge_bucket,0.05+,2,2,1.0,0.5,-0.04750000000000004,-0.04750000000000004,-0.04500000000000004,0.06499999999999995,0.475,0.10394999999999999
conservative,passive,inventory_bucket,long,1,1,1.0,0.0,-0.13,-0.13,-0.15000000000000002,0.06499999999999995,0.5,0.119
conservative,passive,inventory_bucket,short,2,2,1.0,0.5,-0.08500000000000002,-0.08500000000000002,-0.07750000000000001,-0.24,-0.09000000000000002,0.059079999999999966
conservative,passive,latency_bucket,1500ms+,3,3,1.0,0.3333333333333333,-0.10000000000000002,-0.10000000000000002,-0.10166666666666668,-0.08750000000000002,0.10666666666666665,0.07905333333333331
conservative,passive,spread_bucket,0.02-0.05,3,3,1.0,0.3333333333333333,-0.10000000000000002,-0.10000000000000002,-0.10166666666666668,-0.08750000000000002,0.10666666666666665,0.07905333333333331
