attribution_id,opportunity_type,decision_id,order_id,fill_id,profile_name,style,side,decision_timestamp,fill_timestamp,fair_yes,decision_mid_yes,fill_mid_yes,best_bid_yes,best_ask_yes,market_spread,raw_model_edge,execution_price,spread_paid_or_captured,fees,fee_per_contract,queue_ahead,queue_depth_adjustment,decision_to_fill_latency_ms,latency_mid_impact,requested_quantity,fill_quantity,unfilled_quantity,inventory_after,realized_pnl_after,unrealized_pnl_after,total_marked_pnl_after,markout_1,markout_3,markout_5,eventual_signed_markout,net_realized_edge,outcome,limitation
attribution-000001,filled,conservative-passive-decision-0001,conservative-passive-order-0001,fill-000001,conservative,passive,BUY_YES,2026-01-01T12:00:00+00:00,2026-01-01T12:00:03+00:00,0.62,0.52,0.39,0.5,0.54,0.040000000000000036,0.09999999999999998,0.5,-0.10999999999999999,0.00075,0.001,2.0,0.15,3000.0,0.13,5.0,0.75,4.25,0.75,0.0,-0.08324999999999999,-0.0832499999999925,-0.13,-0.15000000000000002,0.06499999999999995,0.5,0.119,partial_fill,"Visible-depth replay proxy; no participant-level FIFO, hidden liquidity, or historical fill truth."
attribution-000002,filled,conservative-passive-decision-0010,conservative-passive-order-0003,fill-000002,conservative,passive,SELL_YES,2026-01-01T12:00:09+00:00,2026-01-01T12:00:11+00:00,0.34,0.35,0.565,0.33,0.37,0.03999999999999998,0.009999999999999953,0.37,-0.19499999999999995,0.00185,0.00074,0.0,0.5,2000.0,0.21499999999999997,5.0,2.5,2.5,-1.75,-0.098805,-0.34254499999999993,-0.4413499999999857,-0.20499999999999996,-0.21499999999999997,-0.24,-0.63,0.02925999999999997,partial_fill,"Visible-depth replay proxy; no participant-level FIFO, hidden liquidity, or historical fill truth."
attribution-000003,filled,conservative-passive-decision-0012,conservative-passive-order-0004,fill-000003,conservative,passive,BUY_YES,2026-01-01T12:00:11+00:00,2026-01-01T12:00:13+00:00,0.64,0.565,0.545,0.55,0.58,0.029999999999999916,0.07500000000000007,0.55,-0.0050000000000000044,0.000825,0.0011,6.0,0.15,2000.0,0.019999999999999907,5.0,0.75,4.25,-1.0,-0.23518500000000003,-0.17574000000000006,-0.41092499999999177,0.03499999999999992,0.05999999999999994,,0.44999999999999996,0.08889999999999997,partial_fill,"Visible-depth replay proxy; no participant-level FIFO, hidden liquidity, or historical fill truth."
attribution-000004,no_fill,conservative-passive-decision-0007,conservative-passive-order-0002,,conservative,passive,SELL_YES,2026-01-01T12:00:06+00:00,,0.36,0.37,,0.35,0.39,0.040000000000000036,0.010000000000000009,,,,,4.0,0.0,,,5.0,0.0,5.0,,,,,,,,,,no_fill_cancelled,"Visible-depth replay proxy; no participant-level FIFO, hidden liquidity, or historical fill truth."
attribution-000005,no_fill,conservative-passive-decision-0014,conservative-passive-order-0005,,conservative,passive,BUY_YES,2026-01-01T12:00:13+00:00,,0.66,0.545,,0.54,0.55,0.010000000000000009,0.11499999999999999,,,,,0.0,0.0,,,5.0,0.0,5.0,,,,,,,,,,no_fill_cancelled,"Visible-depth replay proxy; no participant-level FIFO, hidden liquidity, or historical fill truth."
attribution-000006,no_fill,conservative-passive-decision-0016,conservative-passive-order-0006,,conservative,passive,BUY_YES,2026-01-01T12:00:15+00:00,,0.68,0.595,,0.58,0.61,0.030000000000000027,0.08500000000000008,,,,,0.0,0.0,,,5.0,0.0,5.0,,,,,,,,,,no_fill_cancelled,"Visible-depth replay proxy; no participant-level FIFO, hidden liquidity, or historical fill truth."
attribution-000007,no_fill,conservative-passive-decision-0019,conservative-passive-order-0007,,conservative,passive,BUY_YES,2026-01-01T12:00:18+00:00,,0.68,0.61,,0.6,0.62,0.020000000000000018,0.07000000000000006,,,,,0.0,0.0,,,5.0,0.0,5.0,,,,,,,,,,no_fill_expired,"Visible-depth replay proxy; no participant-level FIFO, hidden liquidity, or historical fill truth."
attribution-000008,filled,conservative-aggressive-decision-0001,conservative-aggressive-order-0001,fill-000001,conservative,aggressive,BUY_YES,2026-01-01T12:00:00+00:00,2026-01-01T12:00:01+00:00,0.62,0.52,0.52,0.5,0.54,0.040000000000000036,0.09999999999999998,0.54,-0.020000000000000018,0.0032400000000000007,0.0010800000000000002,0.0,0.6,1000.0,0.0,5.0,3.0,2.0,3.0,0.0,-0.06323999999999996,-0.0632399999999933,-0.025000000000000022,-0.17000000000000004,-0.19000000000000006,0.45999999999999996,0.07891999999999996,partial_fill,"Visible-depth replay proxy; no participant-level FIFO, hidden liquidity, or historical fill truth."
attribution-000009,filled,conservative-aggressive-decision-0001,conservative-aggressive-order-0001,fill-000002,conservative,aggressive,BUY_YES,2026-01-01T12:00:00+00:00,2026-01-01T12:00:02+00:00,0.62,0.52,0.515,0.5,0.54,0.040000000000000036,0.09999999999999998,0.53,-0.015000000000000013,0.0021200000000000004,0.0010600000000000002,0.0,0.4,2000.0,0.0050000000000000044,5.0,2.0,0.0,5.0,0.0,-0.1103599999999999,-0.1103599999999858,-0.14,-0.16000000000000003,-0.16500000000000004,0.47,0.08893999999999996,filled,"Visible-depth replay proxy; no participant-level FIFO, hidden liquidity, or historical fill truth."
attribution-000010,filled,conservative-aggressive-decision-0003,conservative-aggressive-order-0002,fill-000003,conservative,aggressive,BUY_YES,2026-01-01T12:00:02+00:00,2026-01-01T12:00:03+00:00,0.63,0.515,0.39,0.5,0.53,0.030000000000000027,0.11499999999999999,0.41,-0.019999999999999962,0.0018449999999999999,0.00082,0.0,0.45,1000.0,0.125,5.0,2.25,2.75,7.25,0.0,-0.7822049999999999,-0.7822049999999905,-0.03999999999999998,-0.06,0.15499999999999997,0.5900000000000001,0.21918000000000004,partial_fill,"Visible-depth replay proxy; no participant-level FIFO, hidden liquidity, or historical fill truth."
attribution-000011,risk_rejected,conservative-aggressive-decision-0012,,,conservative,aggressive,BUY_YES,2026-01-01T12:00:11+00:00,,0.64,0.565,,0.55,0.58,0.029999999999999916,0.07500000000000007,,,,,,0.0,,,5.0,0.0,5.0,,,,,,,,,,risk_rejected,"Visible-depth replay proxy; no participant-level FIFO, hidden liquidity, or historical fill truth."
attribution-000012,risk_rejected,conservative-aggressive-decision-0013,,,conservative,aggressive,BUY_YES,2026-01-01T12:00:12+00:00,,0.65,0.575,,0.56,0.59,0.029999999999999916,0.07500000000000007,,,,,,0.0,,,5.0,0.0,5.0,,,,,,,,,,risk_rejected,"Visible-depth replay proxy; no participant-level FIFO, hidden liquidity, or historical fill truth."
attribution-000013,risk_rejected,conservative-aggressive-decision-0014,,,conservative,aggressive,BUY_YES,2026-01-01T12:00:13+00:00,,0.66,0.545,,0.54,0.55,0.010000000000000009,0.11499999999999999,,,,,,0.0,,,5.0,0.0,5.0,,,,,,,,,,risk_rejected,"Visible-depth replay proxy; no participant-level FIFO, hidden liquidity, or historical fill truth."
attribution-000014,risk_rejected,conservative-aggressive-decision-0015,,,conservative,aggressive,BUY_YES,2026-01-01T12:00:14+00:00,,0.67,0.585,,0.57,0.6,0.030000000000000027,0.08500000000000008,,,,,,0.0,,,5.0,0.0,5.0,,,,,,,,,,risk_rejected,"Visible-depth replay proxy; no participant-level FIFO, hidden liquidity, or historical fill truth."
attribution-000015,risk_rejected,conservative-aggressive-decision-0016,,,conservative,aggressive,BUY_YES,2026-01-01T12:00:15+00:00,,0.68,0.595,,0.58,0.61,0.030000000000000027,0.08500000000000008,,,,,,0.0,,,5.0,0.0,5.0,,,,,,,,,,risk_rejected,"Visible-depth replay proxy; no participant-level FIFO, hidden liquidity, or historical fill truth."
attribution-000016,risk_rejected,conservative-aggressive-decision-0017,,,conservative,aggressive,BUY_YES,2026-01-01T12:00:16+00:00,,0.68,0.61,,0.6,0.62,0.020000000000000018,0.07000000000000006,,,,,,0.0,,,5.0,0.0,5.0,,,,,,,,,,risk_rejected,"Visible-depth replay proxy; no participant-level FIFO, hidden liquidity, or historical fill truth."
attribution-000017,risk_rejected,conservative-aggressive-decision-0019,,,conservative,aggressive,BUY_YES,2026-01-01T12:00:18+00:00,,0.68,0.61,,0.6,0.62,0.020000000000000018,0.07000000000000006,,,,,,0.0,,,5.0,0.0,5.0,,,,,,,,,,risk_rejected,"Visible-depth replay proxy; no participant-level FIFO, hidden liquidity, or historical fill truth."
attribution-000018,filled,base-passive-decision-0001,base-passive-order-0001,fill-000001,base,passive,BUY_YES,2026-01-01T12:00:00+00:00,2026-01-01T12:00:03+00:00,0.62,0.52,0.39,0.5,0.54,0.040000000000000036,0.09999999999999998,0.5,-0.10999999999999999,0.0015,0.001,1.0,0.3,3000.0,0.13,5.0,1.5,3.5,1.5,0.0,-0.16649999999999998,-0.1664999999999992,-0.13,-0.15000000000000002,0.06499999999999995,0.5,0.119,partial_fill,"Visible-depth replay proxy; no participant-level FIFO, hidden liquidity, or historical fill truth."
attribution-000019,filled,base-passive-decision-0007,base-passive-order-0002,fill-000002,base,passive,SELL_YES,2026-01-01T12:00:06+00:00,2026-01-01T12:00:09+00:00,0.36,0.37,0.35,0.35,0.39,0.040000000000000036,0.010000000000000009,0.39,0.040000000000000036,0.0007800000000000001,0.0007800000000000001,2.0,0.2,3000.0,-0.020000000000000018,5.0,1.0,4.0,0.5,-0.11177999999999999,-0.07550000000000001,-0.18728000000000122,0.025000000000000022,-0.18499999999999994,-0.19499999999999995,-0.61,0.029220000000000027,partial_fill,"Visible-depth replay proxy; no participant-level FIFO, hidden liquidity, or historical fill truth."
attribution-000020,filled,base-passive-decision-0010,base-passive-order-0003,fill-000003,base,passive,SELL_YES,2026-01-01T12:00:09+00:00,2026-01-01T12:00:11+00:00,0.34,0.35,0.565,0.33,0.37,0.03999999999999998,0.009999999999999953,0.37,-0.19499999999999995,0.0037,0.00074,0.0,1.0,2000.0,0.21499999999999997,5.0,5.0,0.0,-4.5,-0.17764999999999997,-0.8808299999999999,-1.058480000000003,-0.20499999999999996,-0.21499999999999997,-0.24,-0.63,0.02925999999999997,filled,"Visible-depth replay proxy; no participant-level FIFO, hidden liquidity, or historical fill truth."
attribution-000021,filled,base-passive-decision-0012,base-passive-order-0004,fill-000004,base,passive,BUY_YES,2026-01-01T12:00:11+00:00,2026-01-01T12:00:13+00:00,0.64,0.565,0.545,0.55,0.58,0.029999999999999916,0.07500000000000007,0.55,-0.0050000000000000044,0.00165,0.0011,3.0,0.3,2000.0,0.019999999999999907,5.0,1.5,3.5,-3.0,-0.45041000000000003,-0.5272200000000002,-0.9776300000000049,0.03499999999999992,0.05999999999999994,,0.44999999999999996,0.08889999999999997,partial_fill,"Visible-depth replay proxy; no participant-level FIFO, hidden liquidity, or historical fill truth."
attribution-000022,no_fill,base-passive-decision-0014,base-passive-order-0005,,base,passive,BUY_YES,2026-01-01T12:00:13+00:00,,0.66,0.545,,0.54,0.55,0.010000000000000009,0.11499999999999999,,,,,0.0,0.0,,,5.0,0.0,5.0,,,,,,,,,,no_fill_cancelled,"Visible-depth replay proxy; no participant-level FIFO, hidden liquidity, or historical fill truth."
attribution-000023,no_fill,base-passive-decision-0016,base-passive-order-0006,,base,passive,BUY_YES,2026-01-01T12:00:15+00:00,,0.68,0.595,,0.58,0.61,0.030000000000000027,0.08500000000000008,,,,,0.0,0.0,,,5.0,0.0,5.0,,,,,,,,,,no_fill_cancelled,"Visible-depth replay proxy; no participant-level FIFO, hidden liquidity, or historical fill truth."
attribution-000024,no_fill,base-passive-decision-0019,base-passive-order-0007,,base,passive,BUY_YES,2026-01-01T12:00:18+00:00,,0.68,0.61,,0.6,0.62,0.020000000000000018,0.07000000000000006,,,,,0.0,0.0,,,5.0,0.0,5.0,,,,,,,,,,no_fill_expired,"Visible-depth replay proxy; no participant-level FIFO, hidden liquidity, or historical fill truth."
attribution-000025,filled,base-aggressive-decision-0001,base-aggressive-order-0001,fill-000001,base,aggressive,BUY_YES,2026-01-01T12:00:00+00:00,2026-01-01T12:00:01+00:00,0.62,0.52,0.52,0.5,0.54,0.040000000000000036,0.09999999999999998,0.54,-0.020000000000000018,0.00432,0.00108,0.0,0.8,1000.0,0.0,5.0,4.0,1.0,4.0,0.0,-0.08431999999999995,-0.08432000000000528,-0.025000000000000022,-0.17000000000000004,-0.19000000000000006,0.45999999999999996,0.07891999999999996,partial_fill,"Visible-depth replay proxy; no participant-level FIFO, hidden liquidity, or historical fill truth."
attribution-000026,filled,base-aggressive-decision-0001,base-aggressive-order-0001,fill-000002,base,aggressive,BUY_YES,2026-01-01T12:00:00+00:00,2026-01-01T12:00:02+00:00,0.62,0.52,0.515,0.5,0.54,0.040000000000000036,0.09999999999999998,0.53,-0.015000000000000013,0.0010600000000000002,0.0010600000000000002,0.0,0.2,2000.0,0.0050000000000000044,5.0,1.0,0.0,5.0,0.0,-0.12037999999999993,-0.12037999999999727,-0.14,-0.16000000000000003,-0.16500000000000004,0.47,0.08893999999999996,filled,"Visible-depth replay proxy; no participant-level FIFO, hidden liquidity, or historical fill truth."
attribution-000027,filled,base-aggressive-decision-0003,base-aggressive-order-0002,fill-000003,base,aggressive,BUY_YES,2026-01-01T12:00:02+00:00,2026-01-01T12:00:03+00:00,0.63,0.515,0.39,0.5,0.53,0.030000000000000027,0.11499999999999999,0.41,-0.019999999999999962,0.00246,0.00082,0.0,0.6,1000.0,0.125,5.0,3.0,2.0,8.0,0.0,-0.8078400000000001,-0.8078399999999988,-0.03999999999999998,-0.06,0.15499999999999997,0.5900000000000001,0.21918000000000004,partial_fill,"Visible-depth replay proxy; no participant-level FIFO, hidden liquidity, or historical fill truth."
attribution-000028,risk_rejected,base-aggressive-decision-0012,,,base,aggressive,BUY_YES,2026-01-01T12:00:11+00:00,,0.64,0.565,,0.55,0.58,0.029999999999999916,0.07500000000000007,,,,,,0.0,,,5.0,0.0,5.0,,,,,,,,,,risk_rejected,"Visible-depth replay proxy; no participant-level FIFO, hidden liquidity, or historical fill truth."
attribution-000029,risk_rejected,base-aggressive-decision-0013,,,base,aggressive,BUY_YES,2026-01-01T12:00:12+00:00,,0.65,0.575,,0.56,0.59,0.029999999999999916,0.07500000000000007,,,,,,0.0,,,5.0,0.0,5.0,,,,,,,,,,risk_rejected,"Visible-depth replay proxy; no participant-level FIFO, hidden liquidity, or historical fill truth."
attribution-000030,risk_rejected,base-aggressive-decision-0014,,,base,aggressive,BUY_YES,2026-01-01T12:00:13+00:00,,0.66,0.545,,0.54,0.55,0.010000000000000009,0.11499999999999999,,,,,,0.0,,,5.0,0.0,5.0,,,,,,,,,,risk_rejected,"Visible-depth replay proxy; no participant-level FIFO, hidden liquidity, or historical fill truth."
attribution-000031,risk_rejected,base-aggressive-decision-0015,,,base,aggressive,BUY_YES,2026-01-01T12:00:14+00:00,,0.67,0.585,,0.57,0.6,0.030000000000000027,0.08500000000000008,,,,,,0.0,,,5.0,0.0,5.0,,,,,,,,,,risk_rejected,"Visible-depth replay proxy; no participant-level FIFO, hidden liquidity, or historical fill truth."
attribution-000032,risk_rejected,base-aggressive-decision-0016,,,base,aggressive,BUY_YES,2026-01-01T12:00:15+00:00,,0.68,0.595,,0.58,0.61,0.030000000000000027,0.08500000000000008,,,,,,0.0,,,5.0,0.0,5.0,,,,,,,,,,risk_rejected,"Visible-depth replay proxy; no participant-level FIFO, hidden liquidity, or historical fill truth."
attribution-000033,risk_rejected,base-aggressive-decision-0017,,,base,aggressive,BUY_YES,2026-01-01T12:00:16+00:00,,0.68,0.61,,0.6,0.62,0.020000000000000018,0.07000000000000006,,,,,,0.0,,,5.0,0.0,5.0,,,,,,,,,,risk_rejected,"Visible-depth replay proxy; no participant-level FIFO, hidden liquidity, or historical fill truth."
attribution-000034,risk_rejected,base-aggressive-decision-0019,,,base,aggressive,BUY_YES,2026-01-01T12:00:18+00:00,,0.68,0.61,,0.6,0.62,0.020000000000000018,0.07000000000000006,,,,,,0.0,,,5.0,0.0,5.0,,,,,,,,,,risk_rejected,"Visible-depth replay proxy; no participant-level FIFO, hidden liquidity, or historical fill truth."
attribution-000035,filled,aggressive-passive-decision-0001,aggressive-passive-order-0001,fill-000001,aggressive,passive,BUY_YES,2026-01-01T12:00:00+00:00,2026-01-01T12:00:03+00:00,0.62,0.52,0.39,0.5,0.54,0.040000000000000036,0.09999999999999998,0.5,-0.10999999999999999,0.003,0.001,0.2,0.6,3000.0,0.13,5.0,3.0,2.0,3.0,0.0,-0.33299999999999996,-0.3329999999999984,-0.13,-0.15000000000000002,0.06499999999999995,0.5,0.119,partial_fill,"Visible-depth replay proxy; no participant-level FIFO, hidden liquidity, or historical fill truth."
attribution-000036,filled,aggressive-passive-decision-0007,aggressive-passive-order-0002,fill-000002,aggressive,passive,SELL_YES,2026-01-01T12:00:06+00:00,2026-01-01T12:00:09+00:00,0.36,0.37,0.35,0.35,0.39,0.040000000000000036,0.010000000000000009,0.39,0.040000000000000036,0.002808,0.00078,0.4,0.72,3000.0,-0.020000000000000018,5.0,3.6,1.4,-0.6000000000000001,-0.33533999999999997,0.02353200000000002,-0.3118079999999992,0.025000000000000022,-0.18499999999999994,-0.19499999999999995,-0.61,0.029220000000000027,partial_fill,"Visible-depth replay proxy; no participant-level FIFO, hidden liquidity, or historical fill truth."
attribution-000037,filled,aggressive-passive-decision-0010,aggressive-passive-order-0003,fill-000003,aggressive,passive,SELL_YES,2026-01-01T12:00:09+00:00,2026-01-01T12:00:11+00:00,0.34,0.35,0.565,0.33,0.37,0.03999999999999998,0.009999999999999953,0.37,-0.19499999999999995,0.0037,0.00074,0.0,1.0,2000.0,0.21499999999999997,5.0,5.0,0.0,-5.6,-0.33533999999999997,-1.0841679999999994,-1.4195080000000075,-0.20499999999999996,-0.21499999999999997,-0.24,-0.63,0.02925999999999997,filled,"Visible-depth replay proxy; no participant-level FIFO, hidden liquidity, or historical fill truth."
attribution-000038,filled,aggressive-passive-decision-0012,aggressive-passive-order-0004,fill-000004,aggressive,passive,BUY_YES,2026-01-01T12:00:11+00:00,2026-01-01T12:00:13+00:00,0.64,0.565,0.545,0.55,0.58,0.029999999999999916,0.07500000000000007,0.55,-0.0050000000000000044,0.0055,0.0010999999999999998,0.6000000000000001,1.0,2000.0,0.019999999999999907,5.0,5.0,0.0,-0.5999999999999996,-1.233847142857143,-0.10416085714285708,-1.338008000000002,0.03499999999999992,0.05999999999999994,,0.44999999999999996,0.08889999999999997,filled,"Visible-depth replay proxy; no participant-level FIFO, hidden liquidity, or historical fill truth."
attribution-000039,no_fill,aggressive-passive-decision-0014,aggressive-passive-order-0005,,aggressive,passive,BUY_YES,2026-01-01T12:00:13+00:00,,0.66,0.545,,0.54,0.55,0.010000000000000009,0.11499999999999999,,,,,0.0,0.0,,,5.0,0.0,5.0,,,,,,,,,,no_fill_cancelled,"Visible-depth replay proxy; no participant-level FIFO, hidden liquidity, or historical fill truth."
attribution-000040,no_fill,aggressive-passive-decision-0016,aggressive-passive-order-0006,,aggressive,passive,BUY_YES,2026-01-01T12:00:15+00:00,,0.68,0.595,,0.58,0.61,0.030000000000000027,0.08500000000000008,,,,,0.0,0.0,,,5.0,0.0,5.0,,,,,,,,,,no_fill_cancelled,"Visible-depth replay proxy; no participant-level FIFO, hidden liquidity, or historical fill truth."
attribution-000041,no_fill,aggressive-passive-decision-0019,aggressive-passive-order-0007,,aggressive,passive,BUY_YES,2026-01-01T12:00:18+00:00,,0.68,0.61,,0.6,0.62,0.020000000000000018,0.07000000000000006,,,,,0.0,0.0,,,5.0,0.0,5.0,,,,,,,,,,no_fill_expired,"Visible-depth replay proxy; no participant-level FIFO, hidden liquidity, or historical fill truth."
attribution-000042,filled,aggressive-aggressive-decision-0001,aggressive-aggressive-order-0001,fill-000001,aggressive,aggressive,BUY_YES,2026-01-01T12:00:00+00:00,2026-01-01T12:00:01+00:00,0.62,0.52,0.52,0.5,0.54,0.040000000000000036,0.09999999999999998,0.54,-0.020000000000000018,0.00432,0.00108,0.0,0.8,1000.0,0.0,5.0,4.0,1.0,4.0,0.0,-0.08431999999999995,-0.08432000000000528,-0.025000000000000022,-0.17000000000000004,-0.19000000000000006,0.45999999999999996,0.07891999999999996,partial_fill,"Visible-depth replay proxy; no participant-level FIFO, hidden liquidity, or historical fill truth."
attribution-000043,filled,aggressive-aggressive-decision-0001,aggressive-aggressive-order-0001,fill-000002,aggressive,aggressive,BUY_YES,2026-01-01T12:00:00+00:00,2026-01-01T12:00:02+00:00,0.62,0.52,0.515,0.5,0.54,0.040000000000000036,0.09999999999999998,0.53,-0.015000000000000013,0.0010600000000000002,0.0010600000000000002,0.0,0.2,2000.0,0.0050000000000000044,5.0,1.0,0.0,5.0,0.0,-0.12037999999999993,-0.12037999999999727,-0.14,-0.16000000000000003,-0.16500000000000004,0.47,0.08893999999999996,filled,"Visible-depth replay proxy; no participant-level FIFO, hidden liquidity, or historical fill truth."
attribution-000044,filled,aggressive-aggressive-decision-0003,aggressive-aggressive-order-0002,fill-000003,aggressive,aggressive,BUY_YES,2026-01-01T12:00:02+00:00,2026-01-01T12:00:03+00:00,0.63,0.515,0.39,0.5,0.53,0.030000000000000027,0.11499999999999999,0.41,-0.019999999999999962,0.00246,0.00082,0.0,0.6,1000.0,0.125,5.0,3.0,2.0,8.0,0.0,-0.8078400000000001,-0.8078399999999988,-0.03999999999999998,-0.06,0.15499999999999997,0.5900000000000001,0.21918000000000004,partial_fill,"Visible-depth replay proxy; no participant-level FIFO, hidden liquidity, or historical fill truth."
attribution-000045,risk_rejected,aggressive-aggressive-decision-0012,,,aggressive,aggressive,BUY_YES,2026-01-01T12:00:11+00:00,,0.64,0.565,,0.55,0.58,0.029999999999999916,0.07500000000000007,,,,,,0.0,,,5.0,0.0,5.0,,,,,,,,,,risk_rejected,"Visible-depth replay proxy; no participant-level FIFO, hidden liquidity, or historical fill truth."
attribution-000046,risk_rejected,aggressive-aggressive-decision-0013,,,aggressive,aggressive,BUY_YES,2026-01-01T12:00:12+00:00,,0.65,0.575,,0.56,0.59,0.029999999999999916,0.07500000000000007,,,,,,0.0,,,5.0,0.0,5.0,,,,,,,,,,risk_rejected,"Visible-depth replay proxy; no participant-level FIFO, hidden liquidity, or historical fill truth."
attribution-000047,risk_rejected,aggressive-aggressive-decision-0014,,,aggressive,aggressive,BUY_YES,2026-01-01T12:00:13+00:00,,0.66,0.545,,0.54,0.55,0.010000000000000009,0.11499999999999999,,,,,,0.0,,,5.0,0.0,5.0,,,,,,,,,,risk_rejected,"Visible-depth replay proxy; no participant-level FIFO, hidden liquidity, or historical fill truth."
attribution-000048,risk_rejected,aggressive-aggressive-decision-0015,,,aggressive,aggressive,BUY_YES,2026-01-01T12:00:14+00:00,,0.67,0.585,,0.57,0.6,0.030000000000000027,0.08500000000000008,,,,,,0.0,,,5.0,0.0,5.0,,,,,,,,,,risk_rejected,"Visible-depth replay proxy; no participant-level FIFO, hidden liquidity, or historical fill truth."
attribution-000049,risk_rejected,aggressive-aggressive-decision-0016,,,aggressive,aggressive,BUY_YES,2026-01-01T12:00:15+00:00,,0.68,0.595,,0.58,0.61,0.030000000000000027,0.08500000000000008,,,,,,0.0,,,5.0,0.0,5.0,,,,,,,,,,risk_rejected,"Visible-depth replay proxy; no participant-level FIFO, hidden liquidity, or historical fill truth."
attribution-000050,risk_rejected,aggressive-aggressive-decision-0017,,,aggressive,aggressive,BUY_YES,2026-01-01T12:00:16+00:00,,0.68,0.61,,0.6,0.62,0.020000000000000018,0.07000000000000006,,,,,,0.0,,,5.0,0.0,5.0,,,,,,,,,,risk_rejected,"Visible-depth replay proxy; no participant-level FIFO, hidden liquidity, or historical fill truth."
attribution-000051,risk_rejected,aggressive-aggressive-decision-0019,,,aggressive,aggressive,BUY_YES,2026-01-01T12:00:18+00:00,,0.68,0.61,,0.6,0.62,0.020000000000000018,0.07000000000000006,,,,,,0.0,,,5.0,0.0,5.0,,,,,,,,,,risk_rejected,"Visible-depth replay proxy; no participant-level FIFO, hidden liquidity, or historical fill truth."
