timestamp,profile_name,style,market_id,position_yes,cash,realized_pnl,unrealized_pnl,total_pnl,mark_yes
2026-01-01T12:00:00+00:00,conservative,passive,sample-binary-execution-1,0.0,100.0,0.0,0.0,0.0,0.52
2026-01-01T12:00:01+00:00,conservative,passive,sample-binary-execution-1,0.0,100.0,0.0,0.0,0.0,0.52
2026-01-01T12:00:02+00:00,conservative,passive,sample-binary-execution-1,0.0,100.0,0.0,0.0,0.0,0.515
2026-01-01T12:00:03+00:00,conservative,passive,sample-binary-execution-1,0.75,99.62425,0.0,-0.08324999999999999,-0.0832499999999925,0.39
2026-01-01T12:00:04+00:00,conservative,passive,sample-binary-execution-1,0.75,99.62425,0.0,0.0,-0.3757499999999965,
2026-01-01T12:00:05+00:00,conservative,passive,sample-binary-execution-1,0.75,99.62425,0.0,0.0,-0.3757499999999965,
2026-01-01T12:00:06+00:00,conservative,passive,sample-binary-execution-1,0.75,99.62425,0.0,-0.09825,-0.09824999999999307,0.37
2026-01-01T12:00:07+00:00,conservative,passive,sample-binary-execution-1,0.75,99.62425,0.0,-0.09825,-0.09824999999999307,0.37
2026-01-01T12:00:08+00:00,conservative,passive,sample-binary-execution-1,0.75,99.62425,0.0,0.0,-0.3757499999999965,
2026-01-01T12:00:09+00:00,conservative,passive,sample-binary-execution-1,0.75,99.62425,0.0,-0.11325000000000002,-0.11324999999999363,0.35
2026-01-01T12:00:10+00:00,conservative,passive,sample-binary-execution-1,0.75,99.62425,0.0,-0.10200000000000001,-0.10199999999998965,0.365
2026-01-01T12:00:11+00:00,conservative,passive,sample-binary-execution-1,-1.75,100.54740000000001,-0.098805,-0.34254499999999993,-0.4413499999999857,0.565
2026-01-01T12:00:12+00:00,conservative,passive,sample-binary-execution-1,-1.75,100.54740000000001,-0.098805,-0.36004499999999995,-0.458849999999984,0.575
2026-01-01T12:00:13+00:00,conservative,passive,sample-binary-execution-1,-1.0,100.13407500000001,-0.23518500000000003,-0.17574000000000006,-0.41092499999999177,0.545
2026-01-01T12:00:14+00:00,conservative,passive,sample-binary-execution-1,-1.0,100.13407500000001,-0.23518500000000003,-0.21574,-0.4509249999999838,0.585
2026-01-01T12:00:15+00:00,conservative,passive,sample-binary-execution-1,-1.0,100.13407500000001,-0.23518500000000003,-0.22574,-0.4609249999999889,0.595
2026-01-01T12:00:16+00:00,conservative,passive,sample-binary-execution-1,-1.0,100.13407500000001,-0.23518500000000003,-0.24074,-0.4759249999999895,0.61
2026-01-01T12:00:17+00:00,conservative,passive,sample-binary-execution-1,-1.0,100.13407500000001,-0.23518500000000003,0.0,0.13407500000000994,
2026-01-01T12:00:18+00:00,conservative,passive,sample-binary-execution-1,-1.0,100.13407500000001,-0.23518500000000003,-0.24074,-0.4759249999999895,0.61
2026-01-01T12:00:00+00:00,conservative,aggressive,sample-binary-execution-1,0.0,100.0,0.0,0.0,0.0,0.52
2026-01-01T12:00:01+00:00,conservative,aggressive,sample-binary-execution-1,3.0,98.37676,0.0,-0.06323999999999996,-0.0632399999999933,0.52
2026-01-01T12:00:02+00:00,conservative,aggressive,sample-binary-execution-1,5.0,97.31464000000001,0.0,-0.1103599999999999,-0.1103599999999858,0.515
2026-01-01T12:00:03+00:00,conservative,aggressive,sample-binary-execution-1,7.25,96.39029500000001,0.0,-0.7822049999999999,-0.7822049999999905,0.39
2026-01-01T12:00:04+00:00,conservative,aggressive,sample-binary-execution-1,7.25,96.39029500000001,0.0,0.0,-3.609704999999991,
2026-01-01T12:00:05+00:00,conservative,aggressive,sample-binary-execution-1,7.25,96.39029500000001,0.0,0.0,-3.609704999999991,
2026-01-01T12:00:06+00:00,conservative,aggressive,sample-binary-execution-1,7.25,96.39029500000001,0.0,-0.9272050000000001,-0.9272049999999865,0.37
2026-01-01T12:00:07+00:00,conservative,aggressive,sample-binary-execution-1,7.25,96.39029500000001,0.0,-0.9272050000000001,-0.9272049999999865,0.37
2026-01-01T12:00:08+00:00,conservative,aggressive,sample-binary-execution-1,7.25,96.39029500000001,0.0,0.0,-3.609704999999991,
2026-01-01T12:00:09+00:00,conservative,aggressive,sample-binary-execution-1,7.25,96.39029500000001,0.0,-1.072205,-1.0722049999999967,0.35
2026-01-01T12:00:10+00:00,conservative,aggressive,sample-binary-execution-1,7.25,96.39029500000001,0.0,-0.9634550000000001,-0.9634549999999962,0.365
2026-01-01T12:00:11+00:00,conservative,aggressive,sample-binary-execution-1,7.25,96.39029500000001,0.0,0.4865449999999996,0.48654500000000667,0.565
2026-01-01T12:00:12+00:00,conservative,aggressive,sample-binary-execution-1,7.25,96.39029500000001,0.0,0.5590449999999997,0.5590450000000118,0.575
2026-01-01T12:00:13+00:00,conservative,aggressive,sample-binary-execution-1,7.25,96.39029500000001,0.0,0.3415450000000003,0.34154500000001065,0.545
2026-01-01T12:00:14+00:00,conservative,aggressive,sample-binary-execution-1,7.25,96.39029500000001,0.0,0.6315449999999998,0.6315450000000027,0.585
2026-01-01T12:00:15+00:00,conservative,aggressive,sample-binary-execution-1,7.25,96.39029500000001,0.0,0.7040449999999998,0.7040450000000078,0.595
2026-01-01T12:00:16+00:00,conservative,aggressive,sample-binary-execution-1,7.25,96.39029500000001,0.0,0.8127949999999999,0.8127950000000084,0.61
2026-01-01T12:00:17+00:00,conservative,aggressive,sample-binary-execution-1,7.25,96.39029500000001,0.0,0.0,-3.609704999999991,
2026-01-01T12:00:18+00:00,conservative,aggressive,sample-binary-execution-1,7.25,96.39029500000001,0.0,0.8127949999999999,0.8127950000000084,0.61
2026-01-01T12:00:00+00:00,base,passive,sample-binary-execution-1,0.0,100.0,0.0,0.0,0.0,0.52
2026-01-01T12:00:01+00:00,base,passive,sample-binary-execution-1,0.0,100.0,0.0,0.0,0.0,0.52
2026-01-01T12:00:02+00:00,base,passive,sample-binary-execution-1,0.0,100.0,0.0,0.0,0.0,0.515
2026-01-01T12:00:03+00:00,base,passive,sample-binary-execution-1,1.5,99.2485,0.0,-0.16649999999999998,-0.1664999999999992,0.39
2026-01-01T12:00:04+00:00,base,passive,sample-binary-execution-1,1.5,99.2485,0.0,0.0,-0.751499999999993,
2026-01-01T12:00:05+00:00,base,passive,sample-binary-execution-1,1.5,99.2485,0.0,0.0,-0.751499999999993,
2026-01-01T12:00:06+00:00,base,passive,sample-binary-execution-1,1.5,99.2485,0.0,-0.1965,-0.19649999999998613,0.37
2026-01-01T12:00:07+00:00,base,passive,sample-binary-execution-1,1.5,99.2485,0.0,-0.1965,-0.19649999999998613,0.37
2026-01-01T12:00:08+00:00,base,passive,sample-binary-execution-1,1.5,99.2485,0.0,0.0,-0.751499999999993,
2026-01-01T12:00:09+00:00,base,passive,sample-binary-execution-1,0.5,99.63772,-0.11177999999999999,-0.07550000000000001,-0.18728000000000122,0.35
2026-01-01T12:00:10+00:00,base,passive,sample-binary-execution-1,0.5,99.63772,-0.11177999999999999,-0.068,-0.17977999999999383,0.365
2026-01-01T12:00:11+00:00,base,passive,sample-binary-execution-1,-4.5,101.48402,-0.17764999999999997,-0.8808299999999999,-1.058480000000003,0.565
2026-01-01T12:00:12+00:00,base,passive,sample-binary-execution-1,-4.5,101.48402,-0.17764999999999997,-0.9258299999999999,-1.1034800000000047,0.575
2026-01-01T12:00:13+00:00,base,passive,sample-binary-execution-1,-3.0,100.65737,-0.45041000000000003,-0.5272200000000002,-0.9776300000000049,0.545
2026-01-01T12:00:14+00:00,base,passive,sample-binary-execution-1,-3.0,100.65737,-0.45041000000000003,-0.6472199999999999,-1.0976299999999952,0.585
2026-01-01T12:00:15+00:00,base,passive,sample-binary-execution-1,-3.0,100.65737,-0.45041000000000003,-0.6772199999999999,-1.1276299999999964,0.595
2026-01-01T12:00:16+00:00,base,passive,sample-binary-execution-1,-3.0,100.65737,-0.45041000000000003,-0.7222200000000001,-1.172629999999998,0.61
2026-01-01T12:00:17+00:00,base,passive,sample-binary-execution-1,-3.0,100.65737,-0.45041000000000003,0.0,0.6573700000000002,
2026-01-01T12:00:18+00:00,base,passive,sample-binary-execution-1,-3.0,100.65737,-0.45041000000000003,-0.7222200000000001,-1.172629999999998,0.61
2026-01-01T12:00:00+00:00,base,aggressive,sample-binary-execution-1,0.0,100.0,0.0,0.0,0.0,0.52
2026-01-01T12:00:01+00:00,base,aggressive,sample-binary-execution-1,4.0,97.83568,0.0,-0.08431999999999995,-0.08432000000000528,0.52
2026-01-01T12:00:02+00:00,base,aggressive,sample-binary-execution-1,5.0,97.30462,0.0,-0.12037999999999993,-0.12037999999999727,0.515
2026-01-01T12:00:03+00:00,base,aggressive,sample-binary-execution-1,8.0,96.07216,0.0,-0.8078400000000001,-0.8078399999999988,0.39
2026-01-01T12:00:04+00:00,base,aggressive,sample-binary-execution-1,8.0,96.07216,0.0,0.0,-3.9278400000000033,
2026-01-01T12:00:05+00:00,base,aggressive,sample-binary-execution-1,8.0,96.07216,0.0,0.0,-3.9278400000000033,
2026-01-01T12:00:06+00:00,base,aggressive,sample-binary-execution-1,8.0,96.07216,0.0,-0.9678400000000003,-0.9678400000000096,0.37
2026-01-01T12:00:07+00:00,base,aggressive,sample-binary-execution-1,8.0,96.07216,0.0,-0.9678400000000003,-0.9678400000000096,0.37
2026-01-01T12:00:08+00:00,base,aggressive,sample-binary-execution-1,8.0,96.07216,0.0,0.0,-3.9278400000000033,
2026-01-01T12:00:09+00:00,base,aggressive,sample-binary-execution-1,8.0,96.07216,0.0,-1.1278400000000004,-1.1278400000000062,0.35
2026-01-01T12:00:10+00:00,base,aggressive,sample-binary-execution-1,8.0,96.07216,0.0,-1.0078400000000003,-1.0078400000000016,0.365
2026-01-01T12:00:11+00:00,base,aggressive,sample-binary-execution-1,8.0,96.07216,0.0,0.5921599999999994,0.5921599999999927,0.565
2026-01-01T12:00:12+00:00,base,aggressive,sample-binary-execution-1,8.0,96.07216,0.0,0.6721599999999994,0.672159999999991,0.575
2026-01-01T12:00:13+00:00,base,aggressive,sample-binary-execution-1,8.0,96.07216,0.0,0.4321600000000001,0.4321599999999961,0.545
2026-01-01T12:00:14+00:00,base,aggressive,sample-binary-execution-1,8.0,96.07216,0.0,0.7521599999999995,0.7521600000000035,0.585
2026-01-01T12:00:15+00:00,base,aggressive,sample-binary-execution-1,8.0,96.07216,0.0,0.8321599999999996,0.8321600000000018,0.595
2026-01-01T12:00:16+00:00,base,aggressive,sample-binary-execution-1,8.0,96.07216,0.0,0.9521599999999997,0.9521599999999921,0.61
2026-01-01T12:00:17+00:00,base,aggressive,sample-binary-execution-1,8.0,96.07216,0.0,0.0,-3.9278400000000033,
2026-01-01T12:00:18+00:00,base,aggressive,sample-binary-execution-1,8.0,96.07216,0.0,0.9521599999999997,0.9521599999999921,0.61
2026-01-01T12:00:00+00:00,aggressive,passive,sample-binary-execution-1,0.0,100.0,0.0,0.0,0.0,0.52
2026-01-01T12:00:01+00:00,aggressive,passive,sample-binary-execution-1,0.0,100.0,0.0,0.0,0.0,0.52
2026-01-01T12:00:02+00:00,aggressive,passive,sample-binary-execution-1,0.0,100.0,0.0,0.0,0.0,0.515
2026-01-01T12:00:03+00:00,aggressive,passive,sample-binary-execution-1,3.0,98.497,0.0,-0.33299999999999996,-0.3329999999999984,0.39
2026-01-01T12:00:04+00:00,aggressive,passive,sample-binary-execution-1,3.0,98.497,0.0,0.0,-1.5030000000000001,
2026-01-01T12:00:05+00:00,aggressive,passive,sample-binary-execution-1,3.0,98.497,0.0,0.0,-1.5030000000000001,
2026-01-01T12:00:06+00:00,aggressive,passive,sample-binary-execution-1,3.0,98.497,0.0,-0.393,-0.3930000000000007,0.37
2026-01-01T12:00:07+00:00,aggressive,passive,sample-binary-execution-1,3.0,98.497,0.0,-0.393,-0.3930000000000007,0.37
2026-01-01T12:00:08+00:00,aggressive,passive,sample-binary-execution-1,3.0,98.497,0.0,0.0,-1.5030000000000001,
2026-01-01T12:00:09+00:00,aggressive,passive,sample-binary-execution-1,-0.6000000000000001,99.898192,-0.33533999999999997,0.02353200000000002,-0.3118079999999992,0.35
2026-01-01T12:00:10+00:00,aggressive,passive,sample-binary-execution-1,-0.6000000000000001,99.898192,-0.33533999999999997,0.014532000000000014,-0.32080799999999954,0.365
2026-01-01T12:00:11+00:00,aggressive,passive,sample-binary-execution-1,-5.6,101.744492,-0.33533999999999997,-1.0841679999999994,-1.4195080000000075,0.565
2026-01-01T12:00:12+00:00,aggressive,passive,sample-binary-execution-1,-5.6,101.744492,-0.33533999999999997,-1.1401679999999994,-1.475508000000005,0.575
2026-01-01T12:00:13+00:00,aggressive,passive,sample-binary-execution-1,-0.5999999999999996,98.988992,-1.233847142857143,-0.10416085714285708,-1.338008000000002,0.545
2026-01-01T12:00:14+00:00,aggressive,passive,sample-binary-execution-1,-0.5999999999999996,98.988992,-1.233847142857143,-0.12816085714285702,-1.362008000000003,0.585
2026-01-01T12:00:15+00:00,aggressive,passive,sample-binary-execution-1,-0.5999999999999996,98.988992,-1.233847142857143,-0.13416085714285703,-1.3680080000000032,0.595
2026-01-01T12:00:16+00:00,aggressive,passive,sample-binary-execution-1,-0.5999999999999996,98.988992,-1.233847142857143,-0.14316085714285703,-1.3770080000000036,0.61
2026-01-01T12:00:17+00:00,aggressive,passive,sample-binary-execution-1,-0.5999999999999996,98.988992,-1.233847142857143,0.0,-1.011008000000004,
2026-01-01T12:00:18+00:00,aggressive,passive,sample-binary-execution-1,-0.5999999999999996,98.988992,-1.233847142857143,-0.14316085714285703,-1.3770080000000036,0.61
2026-01-01T12:00:00+00:00,aggressive,aggressive,sample-binary-execution-1,0.0,100.0,0.0,0.0,0.0,0.52
2026-01-01T12:00:01+00:00,aggressive,aggressive,sample-binary-execution-1,4.0,97.83568,0.0,-0.08431999999999995,-0.08432000000000528,0.52
2026-01-01T12:00:02+00:00,aggressive,aggressive,sample-binary-execution-1,5.0,97.30462,0.0,-0.12037999999999993,-0.12037999999999727,0.515
2026-01-01T12:00:03+00:00,aggressive,aggressive,sample-binary-execution-1,8.0,96.07216,0.0,-0.8078400000000001,-0.8078399999999988,0.39
2026-01-01T12:00:04+00:00,aggressive,aggressive,sample-binary-execution-1,8.0,96.07216,0.0,0.0,-3.9278400000000033,
2026-01-01T12:00:05+00:00,aggressive,aggressive,sample-binary-execution-1,8.0,96.07216,0.0,0.0,-3.9278400000000033,
2026-01-01T12:00:06+00:00,aggressive,aggressive,sample-binary-execution-1,8.0,96.07216,0.0,-0.9678400000000003,-0.9678400000000096,0.37
2026-01-01T12:00:07+00:00,aggressive,aggressive,sample-binary-execution-1,8.0,96.07216,0.0,-0.9678400000000003,-0.9678400000000096,0.37
2026-01-01T12:00:08+00:00,aggressive,aggressive,sample-binary-execution-1,8.0,96.07216,0.0,0.0,-3.9278400000000033,
2026-01-01T12:00:09+00:00,aggressive,aggressive,sample-binary-execution-1,8.0,96.07216,0.0,-1.1278400000000004,-1.1278400000000062,0.35
2026-01-01T12:00:10+00:00,aggressive,aggressive,sample-binary-execution-1,8.0,96.07216,0.0,-1.0078400000000003,-1.0078400000000016,0.365
2026-01-01T12:00:11+00:00,aggressive,aggressive,sample-binary-execution-1,8.0,96.07216,0.0,0.5921599999999994,0.5921599999999927,0.565
2026-01-01T12:00:12+00:00,aggressive,aggressive,sample-binary-execution-1,8.0,96.07216,0.0,0.6721599999999994,0.672159999999991,0.575
2026-01-01T12:00:13+00:00,aggressive,aggressive,sample-binary-execution-1,8.0,96.07216,0.0,0.4321600000000001,0.4321599999999961,0.545
2026-01-01T12:00:14+00:00,aggressive,aggressive,sample-binary-execution-1,8.0,96.07216,0.0,0.7521599999999995,0.7521600000000035,0.585
2026-01-01T12:00:15+00:00,aggressive,aggressive,sample-binary-execution-1,8.0,96.07216,0.0,0.8321599999999996,0.8321600000000018,0.595
2026-01-01T12:00:16+00:00,aggressive,aggressive,sample-binary-execution-1,8.0,96.07216,0.0,0.9521599999999997,0.9521599999999921,0.61
2026-01-01T12:00:17+00:00,aggressive,aggressive,sample-binary-execution-1,8.0,96.07216,0.0,0.0,-3.9278400000000033,
2026-01-01T12:00:18+00:00,aggressive,aggressive,sample-binary-execution-1,8.0,96.07216,0.0,0.9521599999999997,0.9521599999999921,0.61
